-- MySQL dump 10.13  Distrib 5.5.62, for Win64 (AMD64)
--
-- Host: 127.0.0.1    Database: vk
-- ------------------------------------------------------
-- Server version	8.0.23-0ubuntu0.20.04.1

/*!40101 SET @OLD_CHARACTER_SET_CLIENT=@@CHARACTER_SET_CLIENT */;
/*!40101 SET @OLD_CHARACTER_SET_RESULTS=@@CHARACTER_SET_RESULTS */;
/*!40101 SET @OLD_COLLATION_CONNECTION=@@COLLATION_CONNECTION */;
/*!40101 SET NAMES utf8 */;
/*!40103 SET @OLD_TIME_ZONE=@@TIME_ZONE */;
/*!40103 SET TIME_ZONE='+00:00' */;
/*!40014 SET @OLD_UNIQUE_CHECKS=@@UNIQUE_CHECKS, UNIQUE_CHECKS=0 */;
/*!40014 SET @OLD_FOREIGN_KEY_CHECKS=@@FOREIGN_KEY_CHECKS, FOREIGN_KEY_CHECKS=0 */;
/*!40101 SET @OLD_SQL_MODE=@@SQL_MODE, SQL_MODE='NO_AUTO_VALUE_ON_ZERO' */;
/*!40111 SET @OLD_SQL_NOTES=@@SQL_NOTES, SQL_NOTES=0 */;

--
-- Table structure for table `communities`
--

DROP TABLE IF EXISTS `communities`;
/*!40101 SET @saved_cs_client     = @@character_set_client */;
/*!40101 SET character_set_client = utf8 */;
CREATE TABLE `communities` (
  `id` int unsigned NOT NULL AUTO_INCREMENT COMMENT '╨Ш╨┤╨╡╨╜╤В╨╕╤Д╨╕╨║╨░╤В╨╛╤А ╤Б╤А╨╛╨║╨╕',
  `name` varchar(150) CHARACTER SET utf8mb4 COLLATE utf8mb4_unicode_ci NOT NULL COMMENT '╨Э╨░╨╖╨▓╨░╨╜╨╕╨╡ ╨│╤А╤Г╨┐╨┐╤Л',
  `created_at` datetime DEFAULT CURRENT_TIMESTAMP COMMENT '╨Т╤А╨╡╨╝╤П ╤Б╨╛╨╖╨┤╨░╨╜╨╕╤П ╤Б╤В╤А╨╛╨║╨╕',
  `updated_at` datetime DEFAULT CURRENT_TIMESTAMP ON UPDATE CURRENT_TIMESTAMP COMMENT '╨Т╤А╨╡╨╝╤П ╨╛╨▒╨╜╨╛╨▓╨╗╨╡╨╜╨╕╤П ╤Б╤В╤А╨╛╨║╨╕',
  PRIMARY KEY (`id`),
  UNIQUE KEY `name` (`name`)
) ENGINE=InnoDB AUTO_INCREMENT=11 DEFAULT CHARSET=utf8mb4 COLLATE=utf8mb4_unicode_ci COMMENT='╨У╤А╤Г╨┐╨┐╤Л';
/*!40101 SET character_set_client = @saved_cs_client */;

--
-- Dumping data for table `communities`
--

LOCK TABLES `communities` WRITE;
/*!40000 ALTER TABLE `communities` DISABLE KEYS */;
INSERT INTO `communities` VALUES (1,'non','2005-10-12 04:25:57','1977-05-26 08:30:58'),(2,'excepturi','1973-09-17 07:51:45','1977-01-23 07:53:08'),(3,'voluptas','1992-07-19 15:56:27','1996-05-24 13:01:29'),(4,'nisi','2004-09-10 14:04:32','1977-12-21 12:14:34'),(5,'quis','2005-11-01 03:13:27','1996-06-21 20:04:50'),(6,'temporibus','1976-02-05 17:52:01','2014-05-03 20:16:15'),(7,'ut','2006-04-27 17:32:29','1971-01-26 04:23:44'),(8,'voluptatem','2011-10-23 23:34:47','1992-02-22 17:38:16'),(9,'quam','1981-10-13 17:08:03','2014-03-28 06:52:27'),(10,'tempore','1992-10-06 16:46:18','2020-09-27 22:13:15');
/*!40000 ALTER TABLE `communities` ENABLE KEYS */;
UNLOCK TABLES;

--
-- Table structure for table `communities_users`
--

DROP TABLE IF EXISTS `communities_users`;
/*!40101 SET @saved_cs_client     = @@character_set_client */;
/*!40101 SET character_set_client = utf8 */;
CREATE TABLE `communities_users` (
  `community_id` int unsigned NOT NULL COMMENT '╨б╤Б╤Л╨╗╨║╨░ ╨╜╨░ ╨│╤А╤Г╨┐╨┐╤Г',
  `user_id` int unsigned NOT NULL COMMENT '╨б╤Б╤Л╨╗╨║╨░ ╨╜╨░ ╨┐╨╛╨╗╤М╨╖╨╛╨▓╨░╤В╨╡╨╗╤П',
  `created_at` datetime DEFAULT CURRENT_TIMESTAMP COMMENT '╨Т╤А╨╡╨╝╤П ╤Б╨╛╨╖╨┤╨░╨╜╨╕╤П ╤Б╤В╤А╨╛╨║╨╕',
  PRIMARY KEY (`community_id`,`user_id`) COMMENT '╨б╨╛╤Б╤В╨░╨▓╨╜╨╛╨╣ ╨┐╨╡╤А╨▓╨╕╤З╨╜╤Л╨╣ ╨║╨╗╤О╤З'
) ENGINE=InnoDB DEFAULT CHARSET=utf8mb4 COLLATE=utf8mb4_unicode_ci COMMENT='╨г╤З╨░╤Б╤В╨╜╨╕╨║╨╕ ╨│╤А╤Г╨┐╨┐, ╤Б╨▓╤П╨╖╤М ╨╝╨╡╨╢╨┤╤Г ╨┐╨╛╨╗╤М╨╖╨╛╨▓╨░╤В╨╡╨╗╤П╨╝╨╕ ╨╕ ╨│╤А╤Г╨┐╨┐╨░╨╝╨╕';
/*!40101 SET character_set_client = @saved_cs_client */;

--
-- Dumping data for table `communities_users`
--

LOCK TABLES `communities_users` WRITE;
/*!40000 ALTER TABLE `communities_users` DISABLE KEYS */;
INSERT INTO `communities_users` VALUES (1,1,'2004-07-31 13:25:00'),(1,11,'1971-12-02 19:05:29'),(1,21,'1980-08-27 22:20:22'),(1,31,'2010-03-06 03:35:28'),(1,41,'1999-12-02 04:22:02'),(1,51,'2004-04-07 06:10:06'),(1,61,'1978-07-16 16:29:20'),(1,71,'1973-08-17 23:21:06'),(1,81,'1987-10-21 21:42:49'),(1,91,'1977-12-08 21:46:14'),(2,2,'2020-05-03 05:14:57'),(2,12,'1998-03-18 16:42:45'),(2,22,'1986-08-22 03:31:16'),(2,32,'2011-05-19 01:00:44'),(2,42,'1994-12-01 01:43:58'),(2,52,'2007-09-05 06:28:02'),(2,62,'2018-05-22 14:29:31'),(2,72,'2000-04-21 21:09:37'),(2,82,'1996-01-30 07:45:15'),(2,92,'1982-04-27 18:56:02'),(3,3,'1991-11-21 18:29:53'),(3,13,'2012-12-05 15:59:20'),(3,23,'1984-03-31 00:19:25'),(3,33,'1970-07-01 09:11:35'),(3,43,'1994-05-23 23:04:22'),(3,53,'2020-08-17 20:51:49'),(3,63,'2008-07-03 00:25:33'),(3,73,'2019-06-01 08:53:06'),(3,83,'2002-02-01 17:45:47'),(3,93,'2001-10-25 08:24:55'),(4,4,'1984-12-16 22:20:06'),(4,14,'1981-12-21 14:04:45'),(4,24,'2007-07-11 08:16:51'),(4,34,'2008-11-14 21:05:02'),(4,44,'2003-09-28 13:09:14'),(4,54,'1980-05-13 17:02:24'),(4,64,'1997-02-26 03:13:32'),(4,74,'2007-01-04 23:20:25'),(4,84,'1993-01-04 06:45:36'),(4,94,'1989-10-07 11:45:30'),(5,5,'1997-03-18 06:02:57'),(5,15,'2011-07-16 03:30:04'),(5,25,'1981-02-07 16:37:19'),(5,35,'1982-09-16 05:38:01'),(5,45,'1977-04-15 17:30:39'),(5,55,'2014-03-20 00:07:15'),(5,65,'1983-06-10 03:33:11'),(5,75,'1993-02-10 19:24:44'),(5,85,'1997-08-23 22:59:26'),(5,95,'2017-05-14 04:50:16'),(6,6,'1978-09-29 15:19:46'),(6,16,'2018-03-26 18:18:58'),(6,26,'2017-11-22 15:46:46'),(6,36,'1996-01-14 19:10:42'),(6,46,'1999-12-23 06:04:03'),(6,56,'2018-11-10 22:38:31'),(6,66,'2021-02-24 14:00:18'),(6,76,'1970-07-01 18:53:58'),(6,86,'2004-10-12 14:48:34'),(6,96,'1976-02-11 15:53:07'),(7,7,'1973-02-10 22:14:59'),(7,17,'1977-06-06 22:25:51'),(7,27,'1985-03-10 23:06:50'),(7,37,'1991-08-30 23:14:54'),(7,47,'2020-12-07 09:43:05'),(7,57,'1985-11-21 22:16:21'),(7,67,'1992-02-08 06:11:51'),(7,77,'1980-07-10 23:13:43'),(7,87,'1973-08-25 17:25:24'),(7,97,'2000-04-04 23:22:39'),(8,8,'1984-08-04 14:17:15'),(8,18,'2011-09-09 13:45:29'),(8,28,'2018-04-27 02:26:44'),(8,38,'1984-07-24 07:33:52'),(8,48,'1978-03-14 13:04:20'),(8,58,'1983-12-30 10:59:34'),(8,68,'1985-07-13 18:58:30'),(8,78,'1994-10-19 19:38:38'),(8,88,'1999-05-01 19:09:16'),(8,98,'2013-04-15 08:36:49'),(9,9,'1984-02-27 21:30:03'),(9,19,'1973-06-13 18:21:37'),(9,29,'1982-08-07 20:28:03'),(9,39,'2020-05-07 21:36:01'),(9,49,'2008-08-24 16:03:31'),(9,59,'1977-02-11 09:57:16'),(9,69,'2016-11-01 15:27:29'),(9,79,'1994-08-01 05:39:40'),(9,89,'1978-02-12 04:54:03'),(9,99,'2006-03-24 09:54:27'),(10,10,'1991-04-24 03:00:06'),(10,20,'1998-05-12 01:50:13'),(10,30,'2012-11-12 23:35:50'),(10,40,'2019-01-07 06:01:27'),(10,50,'1971-09-07 22:05:44'),(10,60,'1995-12-17 01:21:24'),(10,70,'1994-10-30 15:04:51'),(10,80,'1970-02-14 00:54:31'),(10,90,'2005-04-20 22:38:10'),(10,100,'2019-06-28 23:39:40');
/*!40000 ALTER TABLE `communities_users` ENABLE KEYS */;
UNLOCK TABLES;

--
-- Table structure for table `friendship`
--

DROP TABLE IF EXISTS `friendship`;
/*!40101 SET @saved_cs_client     = @@character_set_client */;
/*!40101 SET character_set_client = utf8 */;
CREATE TABLE `friendship` (
  `user_id` int unsigned NOT NULL COMMENT '╨б╤Б╤Л╨╗╨║╨░ ╨╜╨░ ╨╕╨╜╨╕╤Ж╨╕╨░╤В╨╛╤А╨░ ╨┤╤А╤Г╨╢╨╡╤Б╨║╨╕╤Е ╨╛╤В╨╜╨╛╤И╨╡╨╜╨╕╨╣',
  `friend_id` int unsigned NOT NULL COMMENT '╨б╤Б╤Л╨╗╨║╨░ ╨╜╨░ ╨┐╨╛╨╗╤Г╤З╨░╤В╨╡╨╗╤П ╨┐╤А╨╕╨│╨╗╨░╤И╨╡╨╜╨╕╤П ╨┤╤А╤Г╨╢╨╕╤В╤М',
  `friendship_status_id` int unsigned NOT NULL COMMENT '╨б╤Б╤Л╨╗╨║╨░ ╨╜╨░ ╤Б╤В╨░╤В╤Г╤Б (╤В╨╡╨║╤Г╤Й╨╡╨╡ ╤Б╨╛╤Б╤В╨╛╤П╨╜╨╕╨╡) ╨╛╤В╨╜╨╛╤И╨╡╨╜╨╕╨╣',
  `requested_at` datetime DEFAULT CURRENT_TIMESTAMP COMMENT '╨Т╤А╨╡╨╝╤П ╨╛╤В╨┐╤А╨░╨▓╨╗╨╡╨╜╨╕╤П ╨┐╤А╨╕╨│╨╗╨░╤И╨╡╨╜╨╕╤П ╨┤╤А╤Г╨╢╨╕╤В╤М',
  `confirmed_at` datetime DEFAULT NULL COMMENT '╨Т╤А╨╡╨╝╤П ╨┐╨╛╨┤╤В╨▓╨╡╤А╨╢╨┤╨╡╨╜╨╕╤П ╨┐╤А╨╕╨│╨╗╨░╤И╨╡╨╜╨╕╤П',
  `created_at` datetime DEFAULT CURRENT_TIMESTAMP COMMENT '╨Т╤А╨╡╨╝╤П ╤Б╨╛╨╖╨┤╨░╨╜╨╕╤П ╤Б╤В╤А╨╛╨║╨╕',
  `updated_at` datetime DEFAULT CURRENT_TIMESTAMP ON UPDATE CURRENT_TIMESTAMP COMMENT '╨Т╤А╨╡╨╝╤П ╨╛╨▒╨╜╨╛╨▓╨╗╨╡╨╜╨╕╤П ╤Б╤В╤А╨╛╨║╨╕',
  PRIMARY KEY (`user_id`,`friend_id`) COMMENT '╨б╨╛╤Б╤В╨░╨▓╨╜╨╛╨╣ ╨┐╨╡╤А╨▓╨╕╤З╨╜╤Л╨╣ ╨║╨╗╤О╤З'
) ENGINE=InnoDB DEFAULT CHARSET=utf8mb4 COLLATE=utf8mb4_unicode_ci COMMENT='╨в╨░╨▒╨╗╨╕╤Ж╨░ ╨┤╤А╤Г╨╢╨▒╤Л';
/*!40101 SET character_set_client = @saved_cs_client */;

--
-- Dumping data for table `friendship`
--

LOCK TABLES `friendship` WRITE;
/*!40000 ALTER TABLE `friendship` DISABLE KEYS */;
INSERT INTO `friendship` VALUES (1,1,1,'1985-04-25 02:34:41','1972-10-05 09:14:08','1999-09-10 21:39:00','2002-06-08 17:17:06'),(2,2,2,'1986-05-01 03:56:46','1991-04-22 07:16:36','2006-05-31 00:02:02','1984-08-17 16:51:30'),(3,3,3,'2015-12-07 13:25:44','1994-07-23 07:24:47','2015-12-01 16:03:01','1975-07-28 16:54:28'),(4,4,4,'2011-12-21 22:04:03','2008-04-20 22:11:03','1989-01-27 00:33:54','2016-12-13 17:49:15'),(5,5,5,'2017-04-27 02:26:59','2019-10-01 10:52:21','1993-05-24 22:45:45','2011-06-19 20:28:28'),(6,6,6,'2013-10-26 09:49:16','2015-06-23 08:41:45','2012-12-22 00:16:38','1971-08-17 17:24:56'),(7,7,7,'2015-02-15 12:00:12','2000-08-01 14:15:24','1987-12-17 18:49:08','2005-01-20 21:19:28'),(8,8,8,'1982-05-31 17:02:37','1977-01-01 15:36:18','1989-09-05 22:32:53','2000-06-20 05:41:21'),(9,9,9,'2007-05-14 00:54:10','2008-07-30 05:17:46','1977-10-21 05:44:26','1992-02-11 17:29:17'),(10,10,10,'1981-08-30 10:29:02','2020-03-15 11:04:56','2012-05-30 08:14:18','1983-09-23 21:22:40'),(11,11,11,'1974-04-30 02:44:28','2002-03-01 20:30:51','2011-11-25 06:44:09','2013-06-04 17:24:15'),(12,12,12,'1979-01-20 10:34:17','2020-07-10 08:45:24','2020-04-19 17:07:55','1996-12-05 11:35:39'),(13,13,13,'1975-10-15 03:53:14','2020-07-08 13:02:16','1977-05-20 02:50:10','1982-01-30 04:26:55'),(14,14,14,'2010-12-28 14:34:45','1972-05-05 18:51:19','2015-01-31 03:41:26','1995-12-09 18:54:25'),(15,15,15,'2017-08-24 01:44:07','2017-11-26 18:04:36','2019-06-06 02:41:37','2013-07-04 06:31:49'),(16,16,16,'1990-12-02 17:29:15','1995-03-26 02:57:41','1983-07-12 16:23:17','1973-10-15 17:56:55'),(17,17,17,'2016-03-12 18:27:29','2008-03-25 04:36:18','1999-08-31 06:29:02','2019-08-22 20:23:19'),(18,18,18,'1979-08-06 00:30:51','1997-01-14 00:57:23','2019-11-25 21:27:46','1993-06-25 22:32:06'),(19,19,19,'1975-12-19 12:39:31','1971-07-07 20:46:59','2007-10-25 23:12:58','1993-08-15 16:37:39'),(20,20,20,'1997-02-10 14:39:56','1984-09-17 11:21:29','1980-07-01 01:29:10','2003-04-27 08:18:58'),(21,21,21,'2007-10-23 01:38:33','2007-07-18 16:14:08','2001-12-26 03:23:22','1980-08-17 16:32:10'),(22,22,22,'1994-11-08 13:17:09','2010-10-13 07:59:31','2015-05-18 20:05:54','1994-02-06 07:08:33'),(23,23,23,'1989-12-25 12:14:40','2002-11-30 21:46:10','2003-02-16 00:11:14','2013-06-14 23:21:47'),(24,24,24,'1970-03-29 17:18:10','1992-04-25 22:38:51','1977-10-03 22:38:25','1977-03-20 18:21:09'),(25,25,25,'1991-09-18 00:10:37','2002-12-30 07:08:11','1991-02-17 04:58:35','1992-08-26 17:18:40'),(26,26,26,'2004-04-01 18:31:12','1976-03-06 00:58:53','1988-10-02 05:34:04','2001-07-20 14:49:04'),(27,27,27,'2018-09-06 07:46:12','2012-05-12 04:51:56','1995-03-08 09:39:16','1993-08-07 14:29:56'),(28,28,28,'2006-10-23 20:28:43','1977-06-15 07:33:01','1978-12-13 14:12:44','2011-09-28 20:01:13'),(29,29,29,'1979-10-26 23:35:06','1988-11-17 14:33:21','1982-03-20 04:26:42','2003-11-07 21:28:18'),(30,30,30,'2008-11-20 20:05:04','2013-01-20 05:46:54','1979-08-21 15:36:06','2005-10-18 22:42:06'),(31,31,31,'1999-05-31 01:30:12','1972-09-22 03:31:27','2007-01-05 02:09:25','1977-04-01 09:23:49'),(32,32,32,'1975-06-30 13:00:16','2011-02-12 18:50:09','1986-08-20 11:26:24','2021-03-11 15:21:17'),(33,33,33,'2012-10-06 17:47:44','1984-02-14 22:13:34','1988-04-04 19:19:11','1993-04-13 19:52:41'),(34,34,34,'1982-07-12 16:04:43','1978-12-19 18:30:00','1979-11-13 13:57:31','1998-12-21 17:22:34'),(35,35,35,'1972-02-07 05:23:04','1988-08-10 06:37:33','1978-01-19 22:54:46','1982-01-06 08:44:51'),(36,36,36,'1992-04-01 05:00:24','1970-01-09 02:22:58','1978-08-26 21:44:55','1993-09-11 04:00:17'),(37,37,37,'1981-07-08 10:07:36','1980-10-16 21:40:10','2015-06-03 12:22:11','1989-09-10 06:37:23'),(38,38,38,'2014-05-22 22:31:30','1994-06-07 22:50:40','1980-03-30 21:25:01','1986-05-17 19:49:19'),(39,39,39,'2003-04-10 16:41:11','2012-05-08 14:07:47','1974-08-01 22:07:54','1994-09-14 13:04:46'),(40,40,40,'2018-08-02 11:01:00','1975-09-21 06:41:45','2011-03-24 18:48:52','1970-04-19 09:37:48'),(41,41,41,'1982-04-05 14:34:28','2020-01-16 05:55:19','2008-01-22 15:35:08','1997-02-21 19:12:00'),(42,42,42,'1986-01-21 03:54:32','2002-01-02 08:12:58','1970-03-21 05:27:29','2010-04-20 10:50:40'),(43,43,43,'1989-05-08 00:50:12','2009-11-27 11:22:25','1977-05-13 01:35:58','1980-05-20 12:52:24'),(44,44,44,'1975-06-20 00:49:29','2012-06-16 21:33:21','2005-04-11 00:35:43','2017-01-23 06:36:12'),(45,45,45,'2013-06-06 03:49:20','2015-10-25 14:52:47','2008-11-13 04:48:50','1986-06-29 06:19:00'),(46,46,46,'1977-10-29 19:45:25','1984-06-08 13:49:48','1998-01-18 00:09:47','1993-02-02 01:51:27'),(47,47,47,'1971-06-17 13:45:50','1973-10-10 23:44:49','1994-07-04 02:11:11','1997-08-20 20:37:20'),(48,48,48,'2020-08-05 11:29:06','2020-07-11 16:59:20','1970-10-15 21:03:29','2005-04-14 09:47:42'),(49,49,49,'2011-05-22 16:03:55','2011-10-03 06:02:59','1987-03-09 01:36:56','1985-01-17 17:48:14'),(50,50,50,'2001-06-19 14:12:17','1975-08-18 02:53:53','2010-04-27 03:50:16','1992-10-02 22:23:36'),(51,51,51,'1987-02-11 03:56:07','1980-01-29 10:17:47','1989-07-16 14:14:31','2008-11-05 23:10:42'),(52,52,52,'1992-06-21 10:02:21','2006-07-15 12:06:36','2006-10-16 15:00:45','2002-01-21 16:42:38'),(53,53,53,'1981-11-02 13:12:13','1984-06-14 08:36:19','2004-05-08 17:07:09','1982-08-31 19:55:51'),(54,54,54,'1982-05-20 12:29:48','1991-06-12 13:44:18','2011-05-13 04:04:58','1992-10-30 00:42:22'),(55,55,55,'1998-02-14 11:37:39','2016-06-21 00:27:07','1983-10-27 14:32:36','2002-01-15 11:26:20'),(56,56,56,'2011-02-10 05:06:56','1999-03-13 17:13:39','1997-11-27 22:02:00','2004-02-13 23:49:04'),(57,57,57,'2013-01-02 23:19:32','2010-11-28 16:33:02','1977-12-05 05:26:55','2010-07-30 04:58:32'),(58,58,58,'1992-06-06 02:09:36','2015-08-18 15:35:31','2014-08-14 20:40:10','1997-09-20 15:03:19'),(59,59,59,'1971-01-26 04:44:49','1990-04-27 11:24:38','1987-04-23 07:42:25','2016-11-07 17:36:45'),(60,60,60,'2016-11-08 07:08:38','1975-05-30 22:57:33','1979-09-22 03:41:58','2000-11-06 02:16:17'),(61,61,61,'1986-09-19 06:17:27','1974-04-23 20:40:10','1985-05-28 11:58:19','1983-08-19 19:40:39'),(62,62,62,'2001-09-01 02:26:39','1990-11-24 22:14:15','1981-04-04 19:54:56','2003-08-06 08:39:37'),(63,63,63,'1980-03-28 02:33:15','1983-05-20 16:09:26','2019-06-20 04:16:21','2020-10-01 12:36:21'),(64,64,64,'1971-07-08 18:36:02','2010-03-26 12:20:19','1993-01-28 10:38:07','1993-12-13 00:07:00'),(65,65,65,'1971-12-29 05:32:48','1987-02-28 06:24:00','1994-07-27 21:59:10','2005-04-20 13:15:58'),(66,66,66,'2005-04-23 11:48:42','2007-09-12 10:57:50','1972-12-12 09:19:27','2012-12-22 03:22:38'),(67,67,67,'2012-03-22 22:52:00','2006-12-16 11:12:26','1970-02-07 09:35:56','1995-06-14 15:57:39'),(68,68,68,'2017-03-06 08:20:03','1972-04-03 10:46:09','2013-01-22 09:28:59','1974-10-17 07:07:01'),(69,69,69,'1988-06-19 00:13:21','1986-09-24 11:52:57','1978-02-19 08:42:55','1982-02-05 05:46:20'),(70,70,70,'2015-03-29 20:15:58','1977-05-29 15:05:35','2000-01-14 17:42:57','2018-01-12 14:41:04'),(71,71,71,'2016-01-05 08:06:47','2009-09-16 11:26:10','2002-12-25 11:30:31','1971-06-29 17:19:48'),(72,72,72,'1997-09-29 07:02:03','1977-02-25 10:30:38','2012-02-04 15:52:17','1970-10-31 13:08:37'),(73,73,73,'2001-08-02 23:03:54','2020-08-16 01:03:56','2007-12-10 09:45:29','2006-02-09 07:52:33'),(74,74,74,'1991-11-19 17:15:20','1978-04-16 04:52:31','1991-10-29 19:10:57','2019-12-13 16:02:17'),(75,75,75,'1974-03-12 15:16:45','2021-03-13 13:13:06','2010-11-28 05:05:31','1995-05-02 15:01:24'),(76,76,76,'2009-04-09 12:29:57','1987-12-18 23:06:32','2019-04-23 02:58:43','2009-05-24 13:24:10'),(77,77,77,'2014-08-10 16:24:11','1989-04-28 14:11:19','1985-12-25 23:46:01','1978-05-23 09:32:26'),(78,78,78,'1986-12-24 01:13:54','1981-12-04 06:48:24','1985-10-02 15:51:52','1989-04-08 23:16:29'),(79,79,79,'1980-09-24 19:52:44','1993-04-07 15:13:37','1984-03-13 12:41:56','2004-08-17 15:17:45'),(80,80,80,'2010-09-24 05:01:20','1976-02-04 11:59:51','1989-11-15 19:16:22','1992-04-09 04:51:47'),(81,81,81,'2004-12-09 05:16:36','1997-08-30 00:44:17','2012-07-28 04:18:10','1990-10-15 21:25:49'),(82,82,82,'2003-07-06 04:21:47','2017-01-26 22:58:40','1979-01-31 01:54:51','1991-02-27 00:19:44'),(83,83,83,'1995-06-01 12:08:37','1993-10-11 23:53:38','1998-08-16 07:53:31','2014-02-12 22:46:39'),(84,84,84,'2002-12-24 16:07:25','2014-12-18 08:58:02','2005-01-11 04:51:31','2013-01-29 18:29:01'),(85,85,85,'1974-12-18 07:11:49','2015-07-30 19:29:12','2016-10-03 03:14:55','1986-06-20 05:35:21'),(86,86,86,'1987-03-25 00:49:26','1984-06-09 04:49:07','2011-01-19 07:01:16','1985-08-17 23:52:40'),(87,87,87,'2000-01-24 01:28:36','1981-11-16 14:01:35','1987-09-18 07:14:39','2015-08-19 08:04:14'),(88,88,88,'1992-06-29 00:22:52','1994-02-21 22:12:55','1995-04-03 20:55:09','1991-08-04 04:44:59'),(89,89,89,'1977-02-24 12:06:47','1977-06-29 17:34:56','1979-03-27 21:28:49','2010-04-12 10:50:38'),(90,90,90,'1996-03-23 11:12:55','1991-08-21 18:27:34','2018-07-10 11:45:14','1976-01-06 01:44:16'),(91,91,91,'2010-02-08 03:42:16','1989-11-06 09:40:46','1994-04-22 04:45:17','1999-02-28 12:27:48'),(92,92,92,'2003-06-06 06:04:48','2016-05-17 16:38:19','2001-04-25 11:28:05','2013-12-26 13:38:33'),(93,93,93,'1999-05-29 15:42:00','1974-07-22 18:15:57','1994-06-06 19:12:36','2014-02-17 04:01:27'),(94,94,94,'2011-12-13 14:56:37','1970-02-23 14:55:33','1980-09-05 12:47:23','1972-02-06 16:41:10'),(95,95,95,'1993-03-19 04:42:06','1970-12-05 11:01:51','2008-09-14 06:22:43','1998-06-22 18:22:16'),(96,96,96,'1985-03-15 05:05:49','1994-06-22 06:29:18','1991-02-15 00:26:11','1971-10-26 13:46:18'),(97,97,97,'2019-03-24 00:54:14','1990-12-31 10:55:39','1997-10-30 01:29:22','2011-06-29 23:48:28'),(98,98,98,'1972-06-09 21:49:57','1995-10-27 03:36:45','1970-06-20 19:46:54','2020-02-25 23:49:03'),(99,99,99,'1973-07-03 12:19:31','1995-09-08 08:13:25','1991-09-14 17:02:07','1996-10-22 10:32:43'),(100,100,100,'1978-12-31 05:33:12','1990-11-02 13:25:50','1997-04-30 01:24:04','2001-05-27 13:06:39');
/*!40000 ALTER TABLE `friendship` ENABLE KEYS */;
UNLOCK TABLES;

--
-- Table structure for table `friendship_statuses`
--

DROP TABLE IF EXISTS `friendship_statuses`;
/*!40101 SET @saved_cs_client     = @@character_set_client */;
/*!40101 SET character_set_client = utf8 */;
CREATE TABLE `friendship_statuses` (
  `id` int unsigned NOT NULL AUTO_INCREMENT COMMENT '╨Ш╨┤╨╡╨╜╤В╨╕╤Д╨╕╨║╨░╤В╨╛╤А ╤Б╤В╤А╨╛╨║╨╕',
  `name` varchar(150) CHARACTER SET utf8mb4 COLLATE utf8mb4_unicode_ci NOT NULL COMMENT '╨Э╨░╨╖╨▓╨░╨╜╨╕╨╡ ╤Б╤В╨░╤В╤Г╤Б╨░',
  `created_at` datetime DEFAULT CURRENT_TIMESTAMP COMMENT '╨Т╤А╨╡╨╝╤П ╤Б╨╛╨╖╨┤╨░╨╜╨╕╤П ╤Б╤В╤А╨╛╨║╨╕',
  `updated_at` datetime DEFAULT CURRENT_TIMESTAMP ON UPDATE CURRENT_TIMESTAMP COMMENT '╨Т╤А╨╡╨╝╤П ╨╛╨▒╨╜╨╛╨▓╨╗╨╡╨╜╨╕╤П ╤Б╤В╤А╨╛╨║╨╕',
  PRIMARY KEY (`id`),
  UNIQUE KEY `name` (`name`)
) ENGINE=InnoDB AUTO_INCREMENT=101 DEFAULT CHARSET=utf8mb4 COLLATE=utf8mb4_unicode_ci COMMENT='╨б╤В╨░╤В╤Г╤Б╤Л ╨┤╤А╤Г╨╢╨▒╤Л';
/*!40101 SET character_set_client = @saved_cs_client */;

--
-- Dumping data for table `friendship_statuses`
--

LOCK TABLES `friendship_statuses` WRITE;
/*!40000 ALTER TABLE `friendship_statuses` DISABLE KEYS */;
INSERT INTO `friendship_statuses` VALUES (1,'autem','2010-05-14 03:21:40','2008-10-13 21:23:57'),(2,'ipsam','2000-07-30 04:06:43','2016-04-09 10:33:38'),(3,'eius','2017-07-15 08:15:55','1971-03-09 19:05:47'),(4,'nulla','2012-12-27 12:25:18','1975-09-17 09:57:36'),(5,'hic','1978-08-04 05:18:18','2011-07-29 18:11:12'),(6,'animi','1996-08-18 07:27:36','2001-07-17 13:41:44'),(7,'voluptate','1996-07-12 08:44:16','2000-10-23 11:55:14'),(8,'vel','1987-06-15 07:22:45','2002-04-14 09:01:14'),(9,'accusamus','1970-07-12 06:25:48','2003-12-01 11:00:02'),(10,'laboriosam','1978-06-12 08:41:59','2007-01-07 18:32:54'),(11,'aspernatur','1997-11-01 08:12:50','1987-09-06 10:26:42'),(12,'sit','1994-09-13 04:31:25','2012-04-15 21:26:00'),(13,'qui','1980-02-27 09:46:48','1978-12-14 21:05:18'),(14,'eos','1993-01-05 02:39:53','1970-09-04 09:42:12'),(15,'non','1989-07-22 03:24:06','2007-05-20 13:33:37'),(16,'porro','2013-03-19 07:12:09','1998-06-04 11:24:05'),(17,'eligendi','2019-01-13 16:08:24','2003-02-23 15:20:55'),(18,'accusantium','1999-05-17 03:30:04','2016-09-26 23:34:31'),(19,'incidunt','1995-10-25 02:50:29','2015-01-19 17:26:13'),(20,'velit','2007-11-29 20:01:35','1976-10-28 05:53:06'),(21,'adipisci','1989-05-18 15:27:47','1998-07-22 15:01:56'),(22,'id','1972-03-24 19:21:00','1974-01-25 14:22:34'),(23,'repudiandae','2019-08-03 07:14:50','2002-11-19 16:32:07'),(24,'inventore','2010-04-07 12:48:32','2004-09-29 22:54:04'),(25,'magnam','1985-02-03 23:35:21','1974-12-10 16:18:38'),(26,'nesciunt','2007-02-26 01:36:01','1976-02-12 04:02:07'),(27,'libero','2019-05-04 00:12:16','1987-03-11 20:32:11'),(28,'molestiae','1990-05-29 21:41:01','2012-01-25 10:35:59'),(29,'voluptatem','2005-01-23 03:09:10','2019-12-24 09:00:13'),(30,'deserunt','1991-12-14 10:23:42','1986-02-26 01:50:29'),(31,'quis','2002-01-16 05:54:09','1989-04-27 12:57:21'),(32,'quo','1984-01-14 02:13:19','2010-04-02 22:18:01'),(33,'enim','2003-04-18 01:46:34','1970-02-11 16:54:02'),(34,'aliquid','2015-03-28 03:14:44','1978-12-11 16:04:30'),(35,'ut','1980-03-14 19:54:37','1993-09-30 22:02:19'),(36,'nostrum','2000-07-01 05:17:40','2009-08-08 06:27:11'),(37,'iure','1982-07-03 11:06:03','1996-11-20 01:59:13'),(38,'est','2014-04-15 11:32:06','1986-01-24 05:09:20'),(39,'aut','1977-12-25 23:27:00','1993-07-17 01:05:59'),(40,'et','1979-07-13 14:28:09','2008-03-31 08:22:34'),(41,'aperiam','1982-03-02 00:21:32','1982-02-05 09:35:53'),(42,'veritatis','1994-05-21 21:44:28','2004-03-15 07:01:16'),(43,'officia','2003-07-28 11:14:15','2003-08-21 01:15:59'),(44,'quaerat','2014-06-19 09:31:59','1985-11-08 09:43:25'),(45,'similique','1995-12-15 00:04:55','1977-04-25 12:50:08'),(46,'delectus','1995-05-15 22:04:54','1990-11-20 06:36:34'),(47,'dolorem','2010-08-04 15:04:31','2000-11-20 14:18:10'),(48,'aliquam','2003-06-20 18:06:19','1987-12-12 23:58:33'),(49,'ducimus','2008-01-10 23:28:56','2007-07-16 13:03:34'),(50,'fugiat','2017-07-07 10:39:23','1971-01-26 17:11:31'),(51,'dolor','1991-12-15 10:30:30','1993-03-07 22:42:15'),(52,'voluptates','1989-06-24 21:18:24','1978-07-31 22:48:36'),(53,'sapiente','1976-11-05 02:39:58','2004-12-06 09:05:07'),(54,'debitis','2006-02-26 18:15:13','2014-01-14 04:43:10'),(55,'nisi','2018-09-06 11:44:04','2007-03-30 11:54:07'),(56,'cumque','1992-04-02 22:00:09','1971-11-03 23:07:31'),(57,'omnis','1977-12-22 07:21:19','1975-09-01 01:19:14'),(58,'magni','2005-07-15 06:38:40','1983-07-14 06:35:14'),(59,'repellat','1992-11-03 16:30:06','2002-04-15 12:44:28'),(60,'in','2015-08-13 02:35:28','2010-07-24 03:04:46'),(61,'sunt','1981-07-22 19:56:32','2005-08-12 07:11:17'),(62,'quia','2011-07-14 16:12:37','1994-01-15 11:54:41'),(63,'dignissimos','1994-07-23 06:37:26','2019-03-20 05:34:29'),(64,'provident','1992-01-27 03:40:03','1978-11-06 16:11:58'),(65,'asperiores','2001-01-21 15:03:04','1981-06-23 09:34:44'),(66,'architecto','1997-02-04 12:49:45','2014-07-12 22:49:53'),(67,'facere','2014-08-18 07:10:33','2007-03-15 23:36:19'),(68,'cum','2001-08-09 21:07:25','1992-01-28 18:09:44'),(69,'corporis','1981-10-12 09:44:46','1995-11-15 20:00:41'),(70,'consequatur','2001-01-07 07:26:03','1981-03-23 09:29:59'),(71,'voluptatibus','1987-04-23 08:43:10','2020-01-20 23:43:02'),(72,'alias','1992-06-21 00:24:40','1980-08-03 04:07:27'),(73,'quidem','1998-12-21 17:40:38','1994-10-22 23:35:46'),(74,'rerum','2001-01-26 12:13:45','1999-06-09 05:30:29'),(75,'iste','2019-05-02 07:49:19','1999-03-15 16:32:54'),(76,'placeat','2003-04-25 07:27:42','1992-04-21 21:30:43'),(77,'illo','1990-08-31 06:04:35','1983-06-03 00:04:03'),(78,'quasi','1979-05-24 08:37:54','1991-08-07 11:06:52'),(79,'vitae','1989-06-04 04:11:07','2010-07-30 04:05:57'),(80,'pariatur','1987-01-10 16:01:31','1991-05-16 03:18:47'),(81,'atque','1995-07-05 13:38:11','1970-01-27 20:35:53'),(82,'beatae','1992-12-31 08:58:40','1996-01-31 11:39:38'),(83,'doloribus','1972-12-17 22:00:12','2008-07-09 04:08:39'),(84,'esse','1975-08-03 11:24:45','1971-02-26 04:44:17'),(85,'consectetur','2006-06-04 03:54:22','1970-06-08 23:37:30'),(86,'ratione','1986-03-01 00:14:46','1986-05-17 08:00:39'),(87,'facilis','2019-04-24 03:15:30','1983-05-09 03:06:32'),(88,'minima','1988-02-15 12:59:44','1980-03-11 12:21:48'),(89,'minus','2019-10-11 00:55:32','1992-07-08 13:43:49'),(90,'voluptas','1970-01-03 14:22:58','1994-08-17 18:42:33'),(91,'recusandae','2011-02-22 22:47:56','1981-02-26 01:20:35'),(92,'eaque','1972-07-16 03:38:18','1994-02-05 09:22:40'),(93,'harum','2010-06-23 08:29:35','1970-01-04 23:42:42'),(94,'natus','1995-10-24 06:41:59','1982-09-11 17:10:56'),(95,'quod','1996-10-18 07:56:41','1981-07-21 23:39:37'),(96,'sed','2019-11-08 08:16:31','1974-11-28 21:14:17'),(97,'perspiciatis','1988-04-12 00:57:10','1985-10-20 18:53:23'),(98,'temporibus','1971-08-11 15:27:06','1979-04-15 05:02:27'),(99,'blanditiis','2002-12-27 17:59:23','1992-02-28 00:08:38'),(100,'sint','2003-01-08 21:30:34','1971-10-24 14:39:21');
/*!40000 ALTER TABLE `friendship_statuses` ENABLE KEYS */;
UNLOCK TABLES;

--
-- Table structure for table `media`
--

DROP TABLE IF EXISTS `media`;
/*!40101 SET @saved_cs_client     = @@character_set_client */;
/*!40101 SET character_set_client = utf8 */;
CREATE TABLE `media` (
  `id` int unsigned NOT NULL AUTO_INCREMENT COMMENT '╨Ш╨┤╨╡╨╜╤В╨╕╤Д╨╕╨║╨░╤В╨╛╤А ╤Б╤В╤А╨╛╨║╨╕',
  `user_id` int unsigned NOT NULL COMMENT '╨б╤Б╤Л╨╗╨║╨░ ╨╜╨░ ╨┐╨╛╨╗╤М╨╖╨╛╨▓╨░╤В╨╡╨╗╤П, ╨║╨╛╤В╨╛╤А╤Л╨╣ ╨╖╨░╨│╤А╤Г╨╖╨╕╨╗ ╤Д╨░╨╣╨╗',
  `filename` varchar(255) CHARACTER SET utf8mb4 COLLATE utf8mb4_unicode_ci NOT NULL COMMENT '╨Я╤Г╤В╤М ╨║ ╤Д╨░╨╣╨╗╤Г',
  `size` int NOT NULL COMMENT '╨а╨░╨╖╨╝╨╡╤А ╤Д╨░╨╣╨╗╨░',
  `metadata` longtext CHARACTER SET utf8mb4 COLLATE utf8mb4_bin COMMENT '╨Ь╨╡╤В╨░╨┤╨░╨╜╨╜╤Л╨╡ ╤Д╨░╨╣╨╗╨░',
  `media_type_id` int unsigned NOT NULL COMMENT '╨б╤Б╤Л╨╗╨║╨░ ╨╜╨░ ╤В╨╕╨┐ ╨║╨╛╨╜╤В╨╡╨╜╤В╨░',
  `created_at` datetime DEFAULT CURRENT_TIMESTAMP COMMENT '╨Т╤А╨╡╨╝╤П ╤Б╨╛╨╖╨┤╨░╨╜╨╕╤П ╤Б╤В╤А╨╛╨║╨╕',
  `updated_at` datetime DEFAULT CURRENT_TIMESTAMP ON UPDATE CURRENT_TIMESTAMP COMMENT '╨Т╤А╨╡╨╝╤П ╨╛╨▒╨╜╨╛╨▓╨╗╨╡╨╜╨╕╤П ╤Б╤В╤А╨╛╨║╨╕',
  PRIMARY KEY (`id`),
  CONSTRAINT `media_chk_1` CHECK (json_valid(`metadata`))
) ENGINE=InnoDB AUTO_INCREMENT=187 DEFAULT CHARSET=utf8mb4 COLLATE=utf8mb4_unicode_ci COMMENT='╨Ь╨╡╨┤╨╕╨░╤Д╨░╨╣╨╗╤Л';
/*!40101 SET character_set_client = @saved_cs_client */;

--
-- Dumping data for table `media`
--

LOCK TABLES `media` WRITE;
/*!40000 ALTER TABLE `media` DISABLE KEYS */;
INSERT INTO `media` VALUES (101,1,'earum',1205,'7',4,'1997-06-03 17:11:52','1986-01-04 20:39:41'),(102,2,'sed',164731083,'9',4,'1991-05-28 01:29:38','1990-12-06 07:46:58'),(103,3,'neque',419,'1',1,'1986-06-11 02:54:05','2006-01-04 11:25:44'),(104,4,'tempora',1276,'6',4,'2004-07-18 06:11:38','1999-02-03 11:31:44'),(105,5,'doloribus',442539,'8',2,'2011-01-24 08:15:46','2009-02-12 23:56:06'),(106,6,'aperiam',36476026,'1',3,'1983-12-31 18:34:28','1999-08-02 05:58:43'),(107,7,'repudiandae',8,'4',1,'1996-05-15 11:04:54','2004-07-05 20:55:15'),(108,8,'non',3,'1',3,'2016-04-13 00:45:25','1986-07-06 01:12:46'),(109,9,'hic',541927960,'6',4,'1996-06-04 11:12:17','1999-11-04 21:59:27'),(110,10,'sunt',800617199,'8',3,'2006-04-17 12:38:42','1995-06-21 20:39:21'),(111,11,'dolore',10858380,'4',1,'1997-03-26 22:47:45','1988-06-28 05:50:01'),(112,12,'distinctio',661384,'9',4,'2020-01-05 06:07:02','1984-11-30 07:25:38'),(113,13,'neque',34,'2',1,'1980-02-15 19:39:49','1971-03-30 00:26:12'),(114,15,'commodi',2252772,'7',2,'2009-07-24 03:02:41','2004-02-24 11:58:18'),(115,16,'iste',71676,'3',4,'2020-01-24 09:46:59','2020-05-26 06:01:18'),(116,17,'et',553925,'8',4,'2016-07-13 17:00:14','1977-05-20 13:42:04'),(117,18,'assumenda',84869697,'4',1,'2003-05-21 04:19:59','1975-03-17 21:40:02'),(118,20,'a',268,'6',1,'2010-11-11 14:58:45','1990-06-23 22:21:40'),(119,21,'non',2786,'5',1,'1975-07-23 03:46:25','2018-07-21 03:29:01'),(120,22,'qui',845,'5',1,'1994-10-13 04:48:11','2008-06-28 13:43:53'),(121,23,'vel',14284,'8',3,'1977-06-27 19:04:23','2003-12-07 14:44:49'),(122,24,'repellendus',391,'2',4,'2011-04-02 15:13:57','1970-05-31 08:42:36'),(123,25,'a',6,'6',3,'1975-03-06 01:20:48','2013-02-21 11:33:29'),(124,26,'labore',794793,'9',3,'2002-05-24 02:10:04','1990-05-19 19:01:09'),(125,27,'labore',0,'2',4,'1990-02-10 00:58:21','1971-08-23 06:41:40'),(126,28,'rem',41715452,'6',1,'1995-06-19 03:17:20','1984-04-28 15:45:13'),(127,29,'ea',28,'9',3,'1990-02-14 21:03:12','2004-02-17 00:01:33'),(128,31,'provident',2505749,'7',2,'1999-11-16 13:57:13','2004-10-19 19:56:19'),(129,32,'enim',35,'7',2,'1977-09-29 08:33:03','1971-03-27 00:34:49'),(130,33,'eos',0,'3',4,'2019-08-09 16:34:09','1980-05-26 19:26:00'),(131,34,'enim',727,'5',4,'1970-01-25 04:22:20','1982-05-24 04:19:54'),(132,35,'minus',66868,'4',2,'1994-04-05 15:11:03','1978-02-06 04:49:35'),(133,36,'fugiat',263385,'2',2,'1970-03-03 09:48:40','1977-09-30 18:08:23'),(134,37,'voluptas',70556564,'8',2,'2000-02-07 00:34:06','1971-08-17 17:06:15'),(135,38,'non',76,'3',1,'1977-02-18 00:53:33','2015-02-12 22:45:41'),(136,39,'et',3137074,'5',1,'1994-08-03 05:15:02','1978-12-09 08:25:06'),(137,40,'quia',43319,'6',4,'2001-01-19 11:39:26','2013-10-08 18:00:09'),(138,41,'fugiat',701,'2',1,'1986-10-02 03:17:53','1978-04-02 16:08:00'),(139,42,'consequatur',6,'8',3,'2013-12-06 04:21:41','2011-12-18 01:00:34'),(140,43,'cupiditate',3455003,'6',2,'2006-12-08 06:14:07','2008-09-27 06:54:44'),(141,44,'perferendis',79356760,'8',3,'1974-02-21 10:22:20','1990-10-05 02:35:13'),(142,45,'quia',0,'4',1,'1996-03-26 15:02:20','1988-08-04 00:16:00'),(143,47,'neque',878620620,'8',1,'2015-02-17 02:21:18','1985-04-15 07:34:16'),(144,49,'sint',526,'3',1,'2008-11-17 14:50:35','1996-04-21 19:03:36'),(145,50,'atque',0,'7',1,'2002-04-12 17:24:12','1974-02-19 21:18:48'),(146,51,'quaerat',65,'9',2,'1999-02-23 00:38:09','2011-10-13 09:12:23'),(147,52,'in',400570,'5',4,'1988-10-30 11:54:10','1983-01-29 01:33:27'),(148,53,'corporis',16046,'1',2,'1981-10-22 16:05:22','1977-01-28 15:20:03'),(149,56,'nam',1605,'6',1,'1974-09-26 22:25:21','2004-04-24 21:17:36'),(150,57,'sit',9255,'3',4,'2004-07-12 06:17:54','1974-10-17 20:27:53'),(151,58,'laboriosam',5934431,'8',2,'1996-05-05 19:14:39','2009-06-22 14:12:41'),(152,59,'repudiandae',12060957,'7',1,'2019-04-06 13:43:00','2017-11-02 03:13:38'),(153,60,'temporibus',82122,'7',4,'1994-12-04 06:42:05','2001-01-02 03:40:45'),(154,61,'maxime',4808,'6',4,'1988-03-30 00:03:58','2002-03-13 06:13:36'),(155,62,'earum',2501277,'2',3,'2006-07-26 00:25:00','1979-03-07 06:52:10'),(156,63,'facere',976724355,'6',1,'2017-10-24 19:34:41','1991-11-04 16:51:39'),(157,64,'repellendus',0,'2',3,'1992-09-19 18:25:35','1981-10-20 12:36:13'),(158,66,'quia',30282,'6',1,'1994-01-16 00:13:16','1988-09-19 00:49:09'),(159,67,'error',57614,'5',1,'2017-04-06 04:34:03','2012-05-19 08:32:16'),(160,68,'et',18,'8',4,'1984-06-26 07:38:30','2000-06-12 14:50:49'),(161,70,'ea',7044,'1',3,'2001-04-25 01:29:49','2017-06-07 10:41:10'),(162,71,'doloribus',516,'8',1,'2019-02-18 12:51:02','1971-02-17 19:11:22'),(163,72,'voluptates',234171,'9',3,'1997-11-06 23:44:35','1973-09-27 03:30:55'),(164,73,'aliquam',58271,'7',4,'1997-09-28 03:41:56','1976-08-17 22:13:39'),(165,74,'temporibus',0,'2',4,'1972-01-25 02:56:51','2015-04-12 01:11:20'),(166,75,'totam',434,'9',2,'2011-12-20 13:09:23','2017-05-29 00:38:25'),(167,76,'asperiores',830156715,'8',3,'1998-03-30 08:05:31','2005-11-18 03:14:12'),(168,77,'cupiditate',266996,'4',1,'1992-04-23 10:13:33','1991-07-31 03:45:19'),(169,78,'sed',8,'9',3,'1998-10-28 00:41:42','2015-05-04 15:12:20'),(170,79,'ut',5,'1',3,'2019-03-24 07:32:30','2004-09-21 04:02:25'),(171,80,'occaecati',574055,'6',4,'1996-03-25 03:15:03','1975-10-10 13:59:22'),(172,81,'id',20797585,'7',2,'1998-12-26 04:30:11','1975-10-18 07:22:23'),(173,83,'libero',17188534,'3',4,'2007-04-11 11:13:28','2009-10-25 06:58:06'),(174,84,'tempora',0,'5',1,'2002-02-09 05:05:33','1992-01-18 03:30:39'),(175,85,'aliquam',4744,'1',1,'2014-04-10 21:43:37','1987-12-08 20:20:07'),(176,86,'voluptate',69,'1',1,'2019-06-25 18:28:09','2006-12-07 19:16:52'),(177,87,'voluptatem',1,'3',1,'2006-02-14 00:08:20','2019-01-17 07:43:06'),(178,88,'quas',44,'5',1,'2002-06-30 17:15:08','2002-03-15 22:31:41'),(179,89,'qui',61907714,'7',1,'1998-07-02 05:08:12','1999-11-13 14:48:02'),(180,91,'dicta',5372993,'1',4,'1992-03-17 16:20:44','1999-01-29 15:08:17'),(181,92,'aut',72154,'5',3,'1988-03-24 09:19:28','1983-09-18 02:13:19'),(182,93,'aperiam',6860,'6',1,'1970-09-25 11:39:21','2013-06-06 03:23:27'),(183,94,'qui',6,'6',2,'2013-02-10 04:42:16','2019-07-22 23:51:01'),(184,95,'eum',6757604,'9',2,'2012-10-25 23:48:07','1985-04-08 23:39:41'),(185,97,'reiciendis',0,'7',4,'1990-03-17 16:51:40','2014-04-25 05:50:51'),(186,100,'omnis',97,'8',3,'1997-04-09 08:45:46','2010-11-06 06:44:51');
/*!40000 ALTER TABLE `media` ENABLE KEYS */;
UNLOCK TABLES;

--
-- Table structure for table `media_types`
--

DROP TABLE IF EXISTS `media_types`;
/*!40101 SET @saved_cs_client     = @@character_set_client */;
/*!40101 SET character_set_client = utf8 */;
CREATE TABLE `media_types` (
  `id` int unsigned NOT NULL AUTO_INCREMENT COMMENT '╨Ш╨┤╨╡╨╜╤В╨╕╤Д╨╕╨║╨░╤В╨╛╤А ╤Б╤В╤А╨╛╨║╨╕',
  `name` varchar(255) CHARACTER SET utf8mb4 COLLATE utf8mb4_unicode_ci NOT NULL COMMENT '╨Э╨░╨╖╨▓╨░╨╜╨╕╨╡ ╤В╨╕╨┐╨░',
  `created_at` datetime DEFAULT CURRENT_TIMESTAMP COMMENT '╨Т╤А╨╡╨╝╤П ╤Б╨╛╨╖╨┤╨░╨╜╨╕╤П ╤Б╤В╤А╨╛╨║╨╕',
  `updated_at` datetime DEFAULT CURRENT_TIMESTAMP ON UPDATE CURRENT_TIMESTAMP COMMENT '╨Т╤А╨╡╨╝╤П ╨╛╨▒╨╜╨╛╨▓╨╗╨╡╨╜╨╕╤П ╤Б╤В╤А╨╛╨║╨╕',
  PRIMARY KEY (`id`),
  UNIQUE KEY `name` (`name`)
) ENGINE=InnoDB AUTO_INCREMENT=5 DEFAULT CHARSET=utf8mb4 COLLATE=utf8mb4_unicode_ci COMMENT='╨в╨╕╨┐╤Л ╨╝╨╡╨┤╨╕╨░╤Д╨░╨╣╨╗╨╛╨▓';
/*!40101 SET character_set_client = @saved_cs_client */;

--
-- Dumping data for table `media_types`
--

LOCK TABLES `media_types` WRITE;
/*!40000 ALTER TABLE `media_types` DISABLE KEYS */;
INSERT INTO `media_types` VALUES (1,'video','1972-05-06 06:43:42','2016-09-13 09:12:18'),(2,'music','1983-10-26 01:35:52','2009-08-17 23:21:20'),(3,'photo','2004-07-07 20:19:57','1994-11-05 12:32:03'),(4,'file','2005-02-21 09:34:48','1977-04-05 06:40:29');
/*!40000 ALTER TABLE `media_types` ENABLE KEYS */;
UNLOCK TABLES;

--
-- Table structure for table `messages`
--

DROP TABLE IF EXISTS `messages`;
/*!40101 SET @saved_cs_client     = @@character_set_client */;
/*!40101 SET character_set_client = utf8 */;
CREATE TABLE `messages` (
  `id` int unsigned NOT NULL AUTO_INCREMENT COMMENT '╨Ш╨┤╨╡╨╜╤В╨╕╤Д╨╕╨║╨░╤В╨╛╤А ╤Б╤В╤А╨╛╨║╨╕',
  `from_user_id` int unsigned NOT NULL COMMENT '╨б╤Б╤Л╨╗╨║╨░ ╨╜╨░ ╨╛╤В╨┐╤А╨░╨▓╨╕╤В╨╡╨╗╤П ╤Б╨╛╨╛╨▒╤Й╨╡╨╜╨╕╤П',
  `to_user_id` int unsigned NOT NULL COMMENT '╨б╤Б╤Л╨╗╨║╨░ ╨╜╨░ ╨┐╨╛╨╗╤Г╤З╨░╤В╨╡╨╗╤П ╤Б╨╛╨╛╨▒╤Й╨╡╨╜╨╕╤П',
  `body` text CHARACTER SET utf8mb4 COLLATE utf8mb4_unicode_ci NOT NULL COMMENT '╨в╨╡╨║╤Б╤В ╤Б╨╛╨╛╨▒╤Й╨╡╨╜╨╕╤П',
  `is_important` tinyint(1) DEFAULT NULL COMMENT '╨Я╤А╨╕╨╖╨╜╨░╨║ ╨▓╨░╨╢╨╜╨╛╤Б╤В╨╕',
  `is_delivered` tinyint(1) DEFAULT NULL COMMENT '╨Я╤А╨╕╨╖╨╜╨░╨║ ╨┤╨╛╤Б╤В╨░╨▓╨║╨╕',
  `created_at` datetime DEFAULT CURRENT_TIMESTAMP COMMENT '╨Т╤А╨╡╨╝╤П ╤Б╨╛╨╖╨┤╨░╨╜╨╕╤П ╤Б╤В╤А╨╛╨║╨╕',
  PRIMARY KEY (`id`)
) ENGINE=InnoDB AUTO_INCREMENT=101 DEFAULT CHARSET=utf8mb4 COLLATE=utf8mb4_unicode_ci COMMENT='╨б╨╛╨╛╨▒╤Й╨╡╨╜╨╕╤П';
/*!40101 SET character_set_client = @saved_cs_client */;

--
-- Dumping data for table `messages`
--

LOCK TABLES `messages` WRITE;
/*!40000 ALTER TABLE `messages` DISABLE KEYS */;
INSERT INTO `messages` VALUES (1,1,1,'Corporis dolor eum saepe facere totam. Nisi et cupiditate architecto dolore impedit totam. Et voluptas vero suscipit sapiente eum eos.',1,1,'1987-06-03 15:24:22'),(2,2,2,'Blanditiis eius voluptas voluptates magni et. Enim animi voluptatem aut odio. Necessitatibus ut non inventore in aut molestiae.',0,0,'2010-11-22 17:54:35'),(3,3,3,'Illum quo mollitia aut qui. Itaque rerum enim et distinctio porro velit facilis. Velit dolore quam error. Dolore ut quae rerum dolores reiciendis consequatur.',0,1,'1979-11-06 09:44:12'),(4,4,4,'Occaecati sed qui quas et sed voluptates aperiam. Qui officia rem ipsa eum labore minus beatae in. Qui rerum corporis itaque ipsa ducimus est ex eum.',0,0,'1974-02-15 05:01:08'),(5,5,5,'Quia quis quidem laboriosam mollitia voluptate officia quo. Ut facilis voluptatem provident placeat quod sed. In sit minus accusantium sequi eius. Quam ut molestias aut beatae qui molestiae. Rerum totam sed velit.',0,1,'2004-05-26 19:15:58'),(6,6,6,'Animi in in quo dolores est commodi. Non amet praesentium molestias itaque. Exercitationem sint est doloribus explicabo quos ad incidunt.',1,0,'2001-04-22 12:35:34'),(7,7,7,'Quidem voluptas sint et maxime modi. Eos autem aliquam unde occaecati. Illum eius quisquam natus impedit velit dolor. Commodi ipsam accusamus aut ducimus velit quo eveniet rerum. Quo dolorum aut consectetur.',0,0,'1988-08-25 17:27:07'),(8,8,8,'Et et assumenda amet et. Sed mollitia praesentium sed impedit qui.',1,0,'1982-05-17 07:36:16'),(9,9,9,'Sequi sequi dolores atque dolore doloremque aut laudantium. Harum sunt perferendis cumque incidunt earum dolor et. Nam enim facere minus ipsum.',0,1,'2011-08-28 07:33:10'),(10,10,10,'Laborum id quod repellendus minima quasi. Commodi ea adipisci et perferendis vero culpa. Id eos et iste saepe quia animi est tenetur.',0,0,'2015-08-19 16:38:14'),(11,11,11,'Architecto exercitationem doloremque velit esse. Facilis quod architecto necessitatibus mollitia aut. Quo rerum minus inventore hic a.',1,0,'2001-04-10 06:15:20'),(12,12,12,'Quisquam ex nobis amet tenetur similique aperiam. Non quo error nam ut consequatur omnis molestias. Similique delectus accusantium dicta suscipit omnis minus aliquid.',1,1,'2007-06-20 04:15:46'),(13,13,13,'Quam quisquam quia dolores blanditiis. Adipisci adipisci delectus minus libero ipsa quas. Et consequatur explicabo facilis culpa ullam vitae. Est autem et et distinctio.',0,0,'2003-03-03 22:02:22'),(14,14,14,'Adipisci et repellendus id voluptas. Deleniti eius itaque ab atque. Sint sunt quia dolorum non.',0,1,'1971-10-25 09:19:09'),(15,15,15,'Provident numquam similique eum numquam maxime. Vitae eum delectus ullam cumque ipsum aut optio non. Voluptatum odit eos aut quia a.',1,0,'1992-09-24 02:38:36'),(16,16,16,'Voluptas nemo explicabo autem illum. Natus distinctio non modi a deleniti esse. Ut pariatur quam omnis officia.',0,1,'1989-02-28 07:51:08'),(17,17,17,'Veniam ut laudantium porro. Exercitationem eveniet labore corrupti vero. Sint sit maiores rem in maiores.',0,0,'2018-08-12 00:12:48'),(18,18,18,'Fugit provident maxime doloribus ut. Aut est id harum enim quod velit aut qui. Quis ut quasi et quasi.',0,1,'1972-05-13 15:58:43'),(19,19,19,'Esse ea quae qui ut provident sint sed. Quidem quia et consequatur deleniti quis facilis nihil. Et et distinctio aut et. Et vitae laudantium ut est.',1,1,'2007-01-19 11:22:58'),(20,20,20,'In quia ut et repellendus ab dignissimos. Dolorem iure enim ipsum et iusto magni et. Vitae voluptas accusamus esse itaque deserunt rerum ut atque.',0,1,'2014-08-02 01:36:49'),(21,21,21,'Porro et consectetur libero molestias. Adipisci recusandae est similique omnis voluptatum dolorem vel. Occaecati deserunt molestias nostrum et esse aspernatur.',0,0,'2021-01-06 08:04:57'),(22,22,22,'Alias nihil voluptatum dolores sequi ipsam omnis. Laboriosam eius ea modi vero ratione expedita aut. Deserunt et eos et nulla.',1,0,'1995-10-11 20:35:00'),(23,23,23,'Quo error autem consequatur dignissimos. Ex dicta quam cum consectetur aut. Et id reiciendis ratione dignissimos earum blanditiis. Quidem assumenda atque repudiandae vitae necessitatibus omnis. Voluptas sunt atque velit ut.',1,0,'1995-03-04 06:40:41'),(24,24,24,'Laboriosam placeat est ut sed porro ut aut expedita. Animi ipsam voluptas beatae. Cum voluptas sed enim sed quae quod occaecati. Ea nostrum voluptatem autem officiis.',0,1,'1980-02-16 21:04:26'),(25,25,25,'Corrupti ut impedit nihil. Delectus fuga qui nulla tenetur in dolorem impedit. Nesciunt doloribus optio neque non dignissimos.',1,0,'1979-03-15 09:20:41'),(26,26,26,'Rerum occaecati ullam est delectus voluptatibus cumque occaecati. In itaque eos qui explicabo aut dolores. Sapiente deleniti odio rem et vitae libero. Similique sit tempora et ut saepe tempore nihil.',0,0,'1978-02-11 15:13:26'),(27,27,27,'Natus sapiente vel nam. Dolorem quae natus inventore dolorem hic vero. At dignissimos voluptate magni deserunt ut. Deleniti quae laudantium nisi commodi.',1,1,'1987-03-13 19:05:34'),(28,28,28,'Vel omnis voluptas earum voluptatem. Et recusandae sequi quia possimus consectetur eum. Nobis voluptas explicabo quasi deleniti. Aut minus est ut quia recusandae. Molestias debitis pariatur nesciunt molestiae.',1,0,'1984-10-27 01:56:48'),(29,29,29,'Ipsa quos cupiditate inventore ea ut perspiciatis maiores. In repudiandae quam fugiat dolor. Iusto et debitis sunt repellendus.',0,1,'1996-10-22 04:19:46'),(30,30,30,'Libero quos mollitia voluptatem amet nisi voluptatem id. Est optio impedit quis eum quam hic. Culpa rerum nam vel quod. Similique a voluptatem deserunt dolorem sint recusandae.',1,0,'1982-07-01 02:58:50'),(31,31,31,'Eum dolorem voluptas tenetur dolores laborum. Corrupti quis illo reiciendis nisi occaecati aspernatur. Repellat corrupti autem quo voluptatibus facere ut eum magni. Cum cumque quis est.',0,1,'2007-12-20 22:50:42'),(32,32,32,'Aut beatae sit qui porro nihil. Est quaerat aliquid impedit. Error aspernatur rerum iure aut. Nihil in et velit ex.',1,1,'1975-09-03 06:33:55'),(33,33,33,'Repudiandae dolorem esse optio expedita. Et a facilis consectetur hic nesciunt qui. Earum accusamus omnis fuga quasi illum.',1,0,'1980-06-20 11:10:45'),(34,34,34,'Unde accusamus eligendi totam et vitae veniam. Unde consequuntur architecto aliquam eum nesciunt at. Sint cupiditate quas officiis hic. Rerum quam fugit omnis cum saepe delectus.',0,0,'2015-09-03 01:38:48'),(35,35,35,'Voluptatem reprehenderit rerum ad harum. Modi ad et quod dignissimos recusandae qui et. Eum sunt qui doloribus et minus.',1,1,'1994-03-02 20:10:17'),(36,36,36,'Officia officiis explicabo autem velit eius architecto. Quod repellendus saepe aut eum ipsa consequatur. Hic eum quia ea sapiente.',1,0,'1986-11-03 11:48:58'),(37,37,37,'Sit quaerat ab et et vel. Dolores velit sequi sunt. Deleniti hic in error ab tempore. Assumenda sit quidem iste consequuntur ea consequatur voluptas.',1,0,'1992-11-03 00:25:31'),(38,38,38,'Est suscipit itaque voluptates dolores quod vel culpa. Et rerum voluptatem corrupti dignissimos sapiente occaecati molestias autem. Voluptatum quasi exercitationem beatae non adipisci sit nulla.',0,0,'2001-11-19 06:15:51'),(39,39,39,'Et corrupti recusandae placeat dicta. Aut molestias quasi maiores dolorum et. Vitae et omnis unde nesciunt et. Quis molestiae id sunt possimus et. Nam nesciunt perferendis saepe dolores.',1,1,'1991-06-19 21:11:50'),(40,40,40,'Dolores quos sed qui non. Perferendis voluptas unde voluptatem excepturi repellendus ut adipisci. Odit repellendus nesciunt ut et incidunt fugit.',0,0,'2003-05-30 09:57:45'),(41,41,41,'Fugiat voluptas officiis commodi. Repellat voluptates amet odio in. Id unde aspernatur consequatur qui impedit voluptatem.',1,1,'1984-12-15 22:41:24'),(42,42,42,'Autem culpa porro facere similique blanditiis. Sapiente aliquam est sint facere dicta nihil sunt. Dolores nobis cum nihil facilis quo ipsam suscipit voluptatem. Molestiae doloremque distinctio itaque nostrum vel reiciendis ex.',0,1,'2011-08-17 02:06:19'),(43,43,43,'Recusandae perspiciatis impedit molestiae aut iusto modi sapiente. Officia voluptatem sint veniam ut. Enim inventore nesciunt dolorum necessitatibus.',0,1,'1985-04-04 18:03:16'),(44,44,44,'Neque optio totam ratione consequatur. Iste odit velit voluptas quidem cupiditate. Modi provident magnam quidem.',0,0,'2009-06-01 06:38:23'),(45,45,45,'Adipisci ullam sit aliquid similique ut. Est ut molestias sapiente placeat saepe voluptas atque. Eaque esse ut omnis quo voluptas earum laboriosam. Nulla est dolore in nam nemo magni cupiditate.',1,0,'2016-06-01 01:54:02'),(46,46,46,'Molestiae in vero voluptatem exercitationem harum amet reprehenderit. Autem animi omnis repellat.',0,1,'2011-04-16 03:55:00'),(47,47,47,'Eum aspernatur occaecati qui aliquid. Temporibus est non architecto consequatur minus. Reiciendis qui tempora atque voluptatem voluptatibus aut harum.',1,1,'2001-01-17 18:32:58'),(48,48,48,'At est iste eum et. Nostrum et magni consectetur velit aut corporis. Velit iste voluptatum autem illo.',1,1,'1999-04-03 18:41:10'),(49,49,49,'Est vero perspiciatis accusamus iusto est. Nisi nesciunt alias vitae tempora vero aut. Dolore odio similique cumque consequuntur ipsum non. Ratione et aut qui veniam.',0,0,'1976-07-27 13:19:25'),(50,50,50,'Exercitationem dicta non voluptatem. Voluptatem enim laborum officia aut et quo repellat. Pariatur eum qui ea ea odio similique.',1,0,'2006-09-07 01:25:11'),(51,51,51,'In a officiis quis minima. Et perferendis nihil unde animi hic nemo. Qui perspiciatis et debitis debitis.',1,0,'2014-07-08 06:13:50'),(52,52,52,'Non animi ut ducimus quaerat nihil ullam. Atque aut reprehenderit delectus praesentium.',0,1,'2012-11-04 00:56:05'),(53,53,53,'Architecto unde et dolorem quos. Temporibus nulla alias ea dolores itaque deleniti illo. Impedit nesciunt sunt aliquid omnis.',0,0,'1985-07-12 08:30:51'),(54,54,54,'Est doloremque nostrum unde. Non non illum odio sit nihil expedita cum ullam.',1,1,'1992-03-30 10:31:42'),(55,55,55,'Iure illum aut molestiae id ea quas et. Quia sed est non. Iusto aut optio aspernatur provident dicta.',0,1,'2014-02-05 09:05:14'),(56,56,56,'Laudantium aut delectus quod molestias veniam alias. Iusto odit aliquam sequi amet. Labore et neque illo optio voluptatibus autem.',1,1,'2014-03-02 03:51:15'),(57,57,57,'Quo atque aut maxime iste. Itaque sint deleniti quam labore aut consequatur. Provident quisquam ex dicta.',1,0,'1986-06-18 11:38:47'),(58,58,58,'Quaerat officiis qui a doloribus quaerat facilis assumenda architecto. Soluta voluptate tempore quibusdam quod. Voluptatem vel aperiam aut velit inventore. Qui minima dolores ut optio deserunt qui animi.',1,0,'1984-12-02 22:56:49'),(59,59,59,'Sed itaque natus officiis perferendis. Nemo a illo eum consequatur dolores harum nulla. Sequi quae voluptatibus facere vero assumenda accusamus corporis. Atque aliquam quo velit itaque.',1,1,'1978-07-10 03:44:21'),(60,60,60,'Consequatur assumenda placeat ipsa magnam quaerat inventore sunt. Impedit ipsam perspiciatis adipisci.',1,1,'1987-06-10 21:57:35'),(61,61,61,'Non sint minus ratione maxime. Voluptate doloribus eligendi optio sint laborum corrupti. Officiis consequatur corrupti sunt dolore eaque doloribus et voluptatum. Blanditiis excepturi ut dolore et culpa quia aut dolores.',0,1,'1980-09-22 02:51:35'),(62,62,62,'Voluptate atque sint laboriosam ut nemo consequatur. Eos ut dolore dolore tenetur non non. Accusantium ipsam nihil autem voluptas non qui quo ab.',0,0,'1999-05-16 05:59:21'),(63,63,63,'Totam qui incidunt laborum aut qui est possimus id. Aliquam quis optio aspernatur quaerat. Dolorem autem eaque autem laborum. Error facilis labore non laboriosam.',0,1,'2015-03-13 12:59:38'),(64,64,64,'Nesciunt aliquam qui temporibus sit. Vel cupiditate tempore nihil consequuntur expedita quia.',0,1,'2013-11-19 16:57:09'),(65,65,65,'Molestiae harum rem aut alias sit rerum occaecati. Voluptatem voluptas unde nisi consequatur sed.',1,0,'1975-04-20 22:44:36'),(66,66,66,'Impedit quia aperiam optio nihil alias quisquam sunt possimus. Libero magni officia minima atque est. Molestiae deserunt amet sit non enim ipsa deserunt. Qui distinctio fugiat eum magni qui quia.',0,1,'2014-04-13 03:29:19'),(67,67,67,'Eveniet et repellendus dignissimos beatae. Voluptatem commodi sed ut. Dolor nihil voluptatibus aspernatur corrupti facilis. Labore reiciendis dolores natus sint sint sit repudiandae. Numquam dolorem enim laborum officiis quam sed veniam.',1,0,'1984-02-19 05:39:13'),(68,68,68,'Est dolores in excepturi nemo aut laborum animi vitae. Et quibusdam velit nihil sed sit id.',0,0,'1992-11-15 21:32:42'),(69,69,69,'Consequatur quis a quia est hic nihil nobis. Fugit sed et eum maxime aut illo. Dolores voluptate est amet nisi. Et beatae delectus dolore aut.',1,0,'2003-03-20 06:55:03'),(70,70,70,'Distinctio modi veritatis rem. Praesentium sit ipsam reprehenderit voluptas. Est sit dolorem iusto vero tempora omnis voluptatibus. Animi atque consequatur nam porro fugiat minima sed.',0,0,'2012-12-11 10:42:06'),(71,71,71,'Eum rerum numquam sunt ex qui molestias quos adipisci. Ut iusto numquam qui ad numquam sit excepturi. Voluptatem error tempora enim esse et quibusdam.',1,1,'1984-06-18 21:19:18'),(72,72,72,'Molestiae explicabo earum alias hic illum voluptas. Iure harum facilis temporibus est suscipit et labore. Temporibus est id vel aut aut voluptates temporibus error. In et tenetur sunt.',0,1,'2017-06-14 00:44:39'),(73,73,73,'Dolorem deleniti corporis ipsa aperiam adipisci aliquam deserunt. Eos quos eveniet enim culpa accusantium quibusdam. Aut quam veritatis voluptas nihil dolor nam quam. Est nihil numquam aut id sed provident rerum incidunt.',0,1,'2016-06-11 18:03:51'),(74,74,74,'Illum fugiat tempore voluptas qui impedit rerum possimus. Quas nulla nam voluptatem et aut. Omnis incidunt et est nulla esse voluptate ut pariatur.',1,0,'2015-07-10 00:53:33'),(75,75,75,'Veritatis suscipit atque facere sit. Dolor aliquid earum repellat. Sint non magnam labore non ut quisquam. Totam nihil sunt qui fugiat molestias distinctio rerum rerum. Accusamus eligendi accusantium deleniti autem.',0,0,'1996-08-16 03:32:44'),(76,76,76,'Voluptatum dolorum ea eveniet debitis at suscipit aspernatur quam. Consequatur pariatur assumenda nesciunt sed a iste aut. Possimus et enim alias labore non voluptate mollitia.',0,1,'1986-04-19 13:50:53'),(77,77,77,'Itaque eum ut impedit esse aut fuga. Nulla alias beatae quae eos eligendi temporibus suscipit. Enim nemo eum quia ut. Facere architecto sunt est adipisci reiciendis mollitia ratione.',1,1,'1978-02-04 14:46:03'),(78,78,78,'Quidem nulla cumque ipsa et optio. Sunt eius excepturi ut et non.',0,1,'1998-04-14 03:04:21'),(79,79,79,'Aliquid officia rerum magnam quisquam quos pariatur omnis. Voluptatibus sunt quasi voluptatem repellat temporibus aut. Ea sint illum expedita. Reprehenderit eum eos corrupti quidem blanditiis accusamus labore esse.',0,1,'1971-08-31 14:22:00'),(80,80,80,'Molestiae eaque ipsum qui minima. Repellat et aspernatur error ut iure est assumenda. Voluptatem quos molestiae amet rerum cumque recusandae.',1,0,'2004-04-01 21:11:57'),(81,81,81,'Quia itaque perferendis aut ducimus temporibus similique et. Quos cupiditate optio qui. Et facilis enim sint totam.',0,0,'2017-02-07 20:01:48'),(82,82,82,'Sequi sequi tempora rerum qui sequi ut. Assumenda et accusamus sit ducimus. Atque earum est deleniti maxime in qui praesentium. Aperiam quo magni molestiae ut ut quidem ut.',1,1,'1976-03-29 16:51:36'),(83,83,83,'Et ullam nulla facilis quia dolorum. Ullam vitae molestiae ex eos totam perspiciatis ut dolores. Enim aut repudiandae optio corporis. Nisi inventore blanditiis error ipsa illum cum.',0,1,'1977-01-09 08:14:13'),(84,84,84,'Hic voluptatem et ut enim. Dolorem eum amet earum error natus. Est dolor rerum ut consequuntur. Facere quo suscipit dolores ipsum impedit iste. Voluptatem minima vel neque ex accusamus.',0,0,'2007-03-16 11:18:12'),(85,85,85,'Ipsum ad vel impedit ut eos cumque temporibus. Sequi doloremque ducimus laborum sit sed molestiae perspiciatis consequatur. Ipsam et perspiciatis ut voluptas ut quis consectetur.',1,0,'1979-05-13 04:53:24'),(86,86,86,'At laborum cupiditate non consequuntur. Exercitationem similique et sed repellat aut beatae labore reprehenderit. Necessitatibus laboriosam iusto est aut dolorum sapiente. Blanditiis eos quasi suscipit.',1,1,'2019-06-12 17:14:23'),(87,87,87,'Omnis mollitia libero cupiditate. Non quaerat omnis harum enim molestias repudiandae. Quas quasi occaecati in consectetur. Reprehenderit fugit nam temporibus nobis.',1,1,'1994-12-18 22:03:34'),(88,88,88,'Aut distinctio possimus sapiente saepe qui quia placeat. Animi reiciendis qui eligendi necessitatibus. Reiciendis dignissimos sunt quidem autem aperiam ipsam impedit. Ut atque porro dolorem ea dicta voluptas perspiciatis.',0,0,'1978-02-08 22:01:13'),(89,89,89,'Dolor nulla repellat neque nesciunt itaque sed atque. Nobis autem placeat autem similique facilis.',1,1,'2017-10-27 06:27:29'),(90,90,90,'Unde blanditiis alias magni. Repellendus sit voluptatem magni ut veniam excepturi autem sunt. Placeat consequatur incidunt et sit amet omnis aperiam.',0,0,'1996-10-14 13:30:17'),(91,91,91,'Sit illum dolores eos doloremque id deleniti qui. Ad quia veritatis cupiditate nostrum qui eligendi. Dicta eos saepe aut et.',0,1,'1991-05-03 11:15:37'),(92,92,92,'Error sunt rerum ut nesciunt. Id ut molestiae omnis earum impedit. Excepturi iusto ipsam reprehenderit praesentium maxime inventore. Quisquam enim culpa quidem quidem ea corrupti.',1,1,'1981-11-10 05:48:58'),(93,93,93,'Aut qui incidunt aspernatur et velit. Ut voluptatum molestiae quo quod. Repellat qui debitis aut cupiditate praesentium. Eius rerum nemo velit et sunt aliquam ut rerum.',1,1,'2010-02-15 19:41:35'),(94,94,94,'Nulla nihil eos voluptate ut perspiciatis dicta possimus reiciendis. Earum possimus rerum beatae sapiente vel.',0,0,'2003-01-19 10:52:48'),(95,95,95,'Repellat natus aut commodi sunt laboriosam consequatur nobis. Quod natus repellendus molestiae blanditiis perferendis dolor expedita. Et sed deleniti inventore tempora quae.',0,0,'2001-07-08 02:07:50'),(96,96,96,'Iste hic ut inventore deserunt ullam at. Cumque fugit ut maxime assumenda aut. Voluptas est in sint modi et.',0,0,'1993-12-01 06:51:31'),(97,97,97,'Velit nesciunt et corrupti quia nesciunt a dolorem. Sit perferendis expedita inventore vitae. Ab voluptate porro quidem quia suscipit.',1,0,'2012-10-13 21:59:05'),(98,98,98,'Quia et suscipit voluptatem est eaque. Maxime atque et veniam pariatur expedita inventore. Et nam qui incidunt voluptatum molestias ullam.',0,0,'1988-08-03 08:31:46'),(99,99,99,'Necessitatibus veritatis explicabo voluptatem molestiae sunt hic. Sunt et iste animi rem. Incidunt voluptatem reiciendis exercitationem quia quia unde id.',0,0,'2014-02-25 06:49:29'),(100,100,100,'Assumenda non consequatur animi et dolores. Repellat minus numquam alias ea quasi impedit. Ipsam numquam minima ea cumque est aut accusamus. Voluptatem dolorem quos harum quis. Quia eligendi facilis omnis iure.',1,0,'2012-05-13 20:50:48');
/*!40000 ALTER TABLE `messages` ENABLE KEYS */;
UNLOCK TABLES;

--
-- Table structure for table `profiles`
--

DROP TABLE IF EXISTS `profiles`;
/*!40101 SET @saved_cs_client     = @@character_set_client */;
/*!40101 SET character_set_client = utf8 */;
CREATE TABLE `profiles` (
  `user_id` int unsigned NOT NULL COMMENT '╨б╤Б╤Л╨╗╨║╨░ ╨╜╨░ ╨┐╨╛╨╗╤М╨╖╨╛╨▓╨░╤В╨╡╨╗╤П',
  `gender` char(1) CHARACTER SET utf8mb4 COLLATE utf8mb4_unicode_ci NOT NULL COMMENT '╨Я╨╛╨╗',
  `birthday` date DEFAULT NULL COMMENT '╨Ф╨░╤В╨░ ╤А╨╛╨╢╨┤╨╡╨╜╨╕╤П',
  `city` varchar(130) CHARACTER SET utf8mb4 COLLATE utf8mb4_unicode_ci DEFAULT NULL COMMENT '╨У╨╛╤А╨╛╨┤ ╨┐╤А╨╛╨╢╨╕╨▓╨░╨╜╨╕╤П',
  `country` varchar(130) CHARACTER SET utf8mb4 COLLATE utf8mb4_unicode_ci DEFAULT NULL COMMENT '╨б╤В╤А╨░╨╜╨░ ╨┐╤А╨╛╨╢╨╕╨▓╨░╨╜╨╕╤П',
  `last_login` datetime DEFAULT NULL COMMENT '╨Я╨╛╤Б╨╗╨╡╨┤╨╜╨╕╨╣ ╨▓╤Е╨╛╨┤ ╨▓ ╤Б╨╕╤Б╤В╨╡╨╝╤Г',
  `created_at` datetime DEFAULT CURRENT_TIMESTAMP COMMENT '╨Т╤А╨╡╨╝╤П ╤Б╨╛╨╖╨┤╨░╨╜╨╕╤П ╤Б╤В╤А╨╛╨║╨╕',
  `updated_at` datetime DEFAULT CURRENT_TIMESTAMP ON UPDATE CURRENT_TIMESTAMP COMMENT '╨Т╤А╨╡╨╝╤П ╨╛╨▒╨╜╨╛╨▓╨╗╨╡╨╜╨╕╤П ╤Б╤В╤А╨╛╨║╨╕',
  PRIMARY KEY (`user_id`)
) ENGINE=InnoDB DEFAULT CHARSET=utf8mb4 COLLATE=utf8mb4_unicode_ci COMMENT='╨Я╤А╨╛╤Д╨╕╨╗╨╕';
/*!40101 SET character_set_client = @saved_cs_client */;

--
-- Dumping data for table `profiles`
--

LOCK TABLES `profiles` WRITE;
/*!40000 ALTER TABLE `profiles` DISABLE KEYS */;
INSERT INTO `profiles` VALUES (1,'M','1990-08-19','Adamsstad','Czech Republic','2013-03-21 22:27:40','2018-03-21 20:24:21','2015-08-01 00:33:36'),(2,'W','1982-09-21','Strackemouth','Oman','2015-12-07 14:59:46','1982-01-29 23:41:32','2013-03-30 09:43:10'),(3,'M','2008-02-04','Lake Kathrynport','Antigua and Barbuda','1995-12-30 11:49:35','1982-07-05 18:10:33','2006-12-19 03:15:18'),(4,'M','2006-11-29','East Aprilmouth','Burundi','2016-02-20 14:33:21','1975-10-23 06:33:51','2008-03-16 20:52:29'),(5,'W','2003-04-11','Kshlerinfort','Chad','1974-06-21 02:39:00','2003-06-07 07:32:01','2010-07-09 22:59:27'),(6,'M','1972-01-04','South Henryburgh','Bahrain','1971-01-02 12:14:45','1971-07-04 16:05:56','2005-11-03 09:47:53'),(7,'W','2006-10-09','Freddieside','France','1990-12-13 05:08:56','1999-08-27 11:39:31','1972-05-16 16:21:55'),(8,'M','2020-12-07','Rebekahview','United Kingdom','1983-06-28 01:34:10','2002-01-10 02:17:53','1989-03-26 08:35:59'),(9,'M','1995-03-29','South Kaci','Malawi','1972-10-22 16:56:04','2003-09-27 21:33:05','1987-05-05 12:24:29'),(10,'W','1997-01-02','Carmellaton','Maldives','2009-03-17 01:22:27','2012-11-19 22:02:00','1975-08-03 04:57:28'),(11,'W','2012-05-10','Lake D\'angelo','Thailand','2003-12-15 18:32:39','1997-08-17 23:20:48','1990-08-26 16:58:30'),(12,'M','1982-02-12','Izaiahside','Dominica','2005-06-27 20:07:52','1994-10-22 07:11:19','2016-05-15 04:44:59'),(13,'M','2008-04-25','Shaniachester','Kazakhstan','1997-10-21 08:52:37','2017-09-04 07:00:54','1989-03-28 03:16:54'),(14,'M','1989-10-11','Sipestown','Kyrgyz Republic','1985-01-11 19:56:30','2012-08-01 02:38:34','1981-08-06 02:28:30'),(15,'M','2019-10-19','South Vedaside','New Caledonia','2001-12-31 18:16:08','2019-02-16 09:54:16','1986-05-12 06:28:21'),(16,'M','2000-04-02','Padbergstad','Falkland Islands (Malvinas)','1995-01-24 04:50:04','2018-03-11 22:42:46','2000-04-16 06:21:32'),(17,'M','2001-07-07','New Stacey','Greenland','2014-05-02 08:21:22','1997-11-24 10:39:11','2009-07-01 05:15:35'),(18,'M','2015-07-12','New Darius','Switzerland','1974-03-23 09:23:08','2003-09-12 00:40:40','1998-11-14 07:08:03'),(19,'M','2004-02-05','West Carrie','United Arab Emirates','1973-06-13 02:41:44','1977-04-13 09:45:57','1995-01-01 08:07:45'),(20,'M','2018-08-30','Markschester','Bangladesh','2005-07-21 04:12:23','1970-04-09 08:54:28','2008-03-01 20:33:20'),(21,'M','2018-11-13','New Meggie','Benin','2014-06-18 17:54:08','2019-08-18 05:39:56','1998-04-07 11:08:28'),(22,'M','2012-11-01','New Kyrabury','Libyan Arab Jamahiriya','1971-09-13 10:34:56','2020-10-13 16:05:12','1999-07-05 00:25:07'),(23,'M','2020-12-27','Mrazberg','Netherlands Antilles','1986-11-06 04:25:06','2000-07-20 20:12:11','1976-11-06 18:50:41'),(24,'M','1979-01-12','Aronberg','Saint Helena','1998-08-17 06:38:47','1983-10-02 12:12:21','2003-07-24 09:38:06'),(25,'W','1997-01-05','Jonesside','Brunei Darussalam','1988-12-05 10:34:45','2008-01-15 08:10:07','1992-06-28 04:01:34'),(26,'M','1997-06-13','Toyshire','Croatia','1993-10-24 15:27:41','2007-04-17 01:05:59','2001-04-29 23:53:58'),(27,'M','1971-07-16','South Erichaven','Turkmenistan','2005-02-25 14:12:46','1970-02-08 12:47:58','1980-09-27 06:16:26'),(28,'M','1981-10-30','Stephanmouth','Portugal','1992-02-15 05:45:26','1981-07-14 12:47:18','1999-01-14 18:39:16'),(29,'M','1991-07-16','North Jade','Sri Lanka','2019-03-09 19:04:26','1998-08-26 04:44:04','1997-10-29 09:42:57'),(30,'W','2017-09-15','Lake Alverta','Lesotho','1985-09-05 06:59:00','1973-06-20 07:55:18','1997-01-11 08:08:10'),(31,'M','2009-08-01','North Oranfurt','Gabon','2015-01-04 18:25:17','2003-08-07 05:07:38','1995-11-13 00:39:01'),(32,'W','2016-10-07','South Susanmouth','Western Sahara','1980-09-11 22:18:07','1993-07-09 04:49:16','1971-07-28 18:45:25'),(33,'W','1993-06-10','Stacychester','Slovenia','1970-10-03 07:59:02','1979-05-18 17:50:18','1986-10-22 12:48:50'),(34,'M','2013-01-09','Cassinport','Bermuda','2012-10-18 00:39:00','2019-04-09 15:13:28','1993-04-07 22:36:56'),(35,'M','1979-08-15','Lake Selmerberg','Bolivia','1977-04-24 02:12:40','2001-02-24 05:50:40','1987-06-28 03:37:25'),(36,'M','2010-12-13','West Marshallmouth','Georgia','1981-06-07 15:51:11','1988-05-05 19:29:34','2014-07-01 03:48:34'),(37,'W','1979-03-05','East Cornellstad','Mexico','1984-10-30 21:13:22','1988-12-22 15:07:19','1995-09-07 12:27:46'),(38,'W','2006-05-10','North Elsemouth','Croatia','2006-12-11 06:51:53','1997-07-13 12:20:49','1993-09-10 01:06:03'),(39,'W','1990-10-11','Marcelfurt','Kiribati','2020-05-09 14:53:59','2005-05-01 21:40:39','2003-11-30 02:56:55'),(40,'W','2004-08-21','Port Kennedyshire','Ecuador','1990-12-05 04:38:00','2004-03-17 20:00:19','2018-11-25 22:33:06'),(41,'W','1972-10-20','New Peggie','India','2010-04-01 22:09:15','2013-12-21 10:03:48','2009-07-13 00:35:09'),(42,'W','1978-03-08','Port Judeberg','Guatemala','1973-09-07 01:51:28','2001-11-21 08:30:18','2013-03-13 19:41:44'),(43,'W','2009-01-12','New Alannafort','Australia','1993-08-07 00:30:09','1977-04-11 05:24:52','2020-03-20 16:24:08'),(44,'M','2002-04-16','New Gabriel','Saint Martin','2019-10-29 00:48:47','2010-03-29 19:21:14','1981-03-22 15:50:21'),(45,'M','1998-07-12','Port Kimton','Tajikistan','2003-09-05 21:02:02','1999-03-26 00:29:42','1995-09-13 06:17:42'),(46,'M','1994-06-06','Denesiktown','Aruba','1974-03-06 08:34:07','1990-05-03 13:14:40','2007-06-06 04:15:33'),(47,'M','1970-11-02','East Erica','Equatorial Guinea','2011-12-26 15:07:07','2016-05-02 01:38:28','2002-11-17 04:19:43'),(48,'M','1970-02-23','Port Demond','Mauritius','2000-07-23 16:42:10','1976-04-26 21:30:15','2009-04-29 08:11:00'),(49,'M','2009-03-03','New Zeldafort','Slovakia (Slovak Republic)','2011-03-11 00:24:54','2019-10-05 13:00:08','2012-11-17 14:02:47'),(50,'M','2002-03-26','South Albertchester','Australia','1986-03-18 14:37:35','2002-12-02 19:35:21','2006-04-17 21:43:44'),(51,'W','2016-07-31','Mauriciotown','Mauritius','1974-12-03 09:54:31','1976-07-25 10:32:12','1971-06-20 00:46:07'),(52,'W','1982-01-18','North Nicoleton','Azerbaijan','1983-04-25 23:30:25','1996-07-13 17:05:11','1994-01-06 03:11:58'),(53,'W','1987-03-14','Prosaccoshire','American Samoa','1970-02-28 00:21:23','1976-05-20 01:00:18','2013-02-07 21:37:45'),(54,'M','2009-08-12','D\'Amoreview','Senegal','2017-06-16 04:09:01','2014-09-10 03:41:36','1989-07-10 12:07:09'),(55,'M','1980-12-22','East Cristal','Guadeloupe','2009-12-14 03:49:31','2002-12-07 12:55:12','1981-03-02 02:29:58'),(56,'M','1982-09-04','Lefflerville','Azerbaijan','1974-10-17 07:29:04','1983-05-09 00:49:43','1973-06-15 20:25:33'),(57,'M','1976-10-06','New Daniella','Mongolia','1995-03-11 21:46:07','1994-04-19 06:52:15','2017-09-02 19:18:05'),(58,'W','1991-07-13','West Natashaside','Palau','1984-08-12 12:51:15','1992-01-08 22:53:45','2007-09-21 12:10:18'),(59,'W','1996-05-29','West Noemystad','Anguilla','1971-02-26 07:28:12','2009-02-19 15:55:45','2014-09-13 08:01:33'),(60,'W','1984-02-28','Lake Mylene','Grenada','1971-10-19 04:06:21','1977-02-23 21:49:34','1990-04-20 06:16:48'),(61,'M','1990-07-25','Hoegerbury','Tonga','2016-11-27 01:54:50','2014-06-19 12:48:55','1972-11-26 12:56:57'),(62,'M','1971-01-19','Joshuahmouth','Bermuda','1988-12-26 07:09:07','1986-09-01 19:10:59','1972-08-23 00:56:39'),(63,'W','1997-05-09','Stromanton','United States Virgin Islands','2001-06-01 11:00:28','2010-04-13 01:13:14','2013-09-27 04:15:50'),(64,'W','2018-01-21','Heathermouth','Dominican Republic','1977-02-23 16:15:55','2005-07-10 12:52:20','2009-12-17 08:22:54'),(65,'M','1999-11-06','Caterinamouth','Martinique','1974-12-16 04:04:34','1998-11-29 01:52:09','1988-07-30 20:47:17'),(66,'M','2004-09-12','West Bernhardburgh','French Guiana','1986-08-16 19:26:44','1987-02-12 22:59:47','1975-09-29 07:57:56'),(67,'M','2001-11-21','New Pattie','Faroe Islands','2017-11-26 23:25:35','2009-07-12 18:11:44','1976-01-05 03:24:03'),(68,'W','1989-07-10','Kingburgh','Poland','1998-02-10 15:53:31','1999-01-12 09:14:55','2001-01-28 00:34:45'),(69,'M','1970-08-01','South Madiefort','Italy','1993-11-15 11:44:56','1978-04-26 21:03:23','1996-02-08 14:37:21'),(70,'M','1984-12-26','Marshallmouth','Palau','1973-08-14 22:46:25','2020-05-19 04:07:20','1983-10-13 00:33:48'),(71,'W','1972-09-29','Nolanburgh','Switzerland','1989-02-08 00:13:22','1998-09-26 22:28:26','1999-06-27 16:56:24'),(72,'W','1973-12-04','South Janelle','Guyana','1989-11-14 10:50:44','1987-08-15 02:06:57','2011-05-27 21:21:24'),(73,'W','2002-07-03','Krystinamouth','Paraguay','2008-09-23 06:13:59','1981-04-26 04:25:01','1998-03-11 23:24:08'),(74,'M','2017-12-14','Kevenberg','Tuvalu','2014-12-02 16:15:55','2003-01-08 20:58:14','2002-01-28 04:24:26'),(75,'W','1987-08-02','North Crystel','British Indian Ocean Territory (Chagos Archipelago)','2019-05-22 16:48:47','1984-03-13 05:42:21','1990-04-20 20:01:30'),(76,'M','2008-11-21','Boganhaven','Mongolia','1974-12-25 10:24:54','2017-10-09 14:05:39','2017-08-24 22:33:05'),(77,'M','1972-05-02','Ibrahimchester','Mexico','2003-03-10 04:01:06','1971-04-18 12:19:33','2001-11-25 14:41:48'),(78,'W','2000-03-15','Alexysbury','Kuwait','2013-02-01 16:38:12','1978-09-07 22:52:45','2018-10-22 11:00:26'),(79,'W','2012-02-20','West Cesarburgh','Argentina','1983-11-07 17:34:19','1971-09-13 14:53:11','2007-08-30 00:04:15'),(80,'W','2000-10-09','Jacobsmouth','Nicaragua','2013-03-04 04:25:53','2008-05-04 08:53:32','1986-12-14 13:06:47'),(81,'W','2005-10-24','Lake Lizziechester','Armenia','1983-10-28 01:55:26','1970-12-21 17:26:39','1991-05-26 07:05:58'),(82,'M','1981-01-03','Crooksbury','Marshall Islands','1974-09-14 10:44:44','2014-05-22 17:15:52','1992-02-16 19:24:39'),(83,'M','1998-02-01','North Amarifort','Martinique','2007-03-17 12:17:44','1979-07-05 13:06:00','1977-11-12 10:05:06'),(84,'M','2001-06-19','West Tremainestad','Seychelles','1999-10-24 20:12:21','2008-09-27 15:20:58','1973-11-05 23:08:37'),(85,'M','1980-05-15','Port Elenormouth','Lebanon','1971-02-08 09:04:23','2003-01-29 22:13:02','2006-02-06 09:30:17'),(86,'M','1970-05-11','New Ruby','Barbados','2020-10-04 10:30:22','2006-04-17 04:56:45','2001-02-02 00:41:41'),(87,'W','1991-10-02','New Nashmouth','Saint Vincent and the Grenadines','2017-05-17 21:16:51','1997-01-21 20:12:10','1979-09-16 08:15:23'),(88,'M','2016-09-08','Port Deron','Mauritius','1988-04-18 19:02:29','2005-11-06 05:07:49','2017-03-19 09:20:50'),(89,'W','2008-10-14','Schillerton','Macedonia','1975-09-18 15:57:59','1987-03-31 17:52:58','2017-08-29 22:36:10'),(90,'M','1998-11-02','New Jesus','Liechtenstein','1991-09-05 15:00:29','2010-07-29 22:16:16','2014-11-18 21:59:08'),(91,'M','1972-02-28','New Carolechester','Christmas Island','1992-09-08 21:14:04','2003-01-01 02:05:40','2008-07-05 04:47:19'),(92,'M','1985-02-04','Port Ansel','Spain','2011-01-03 10:47:12','1975-04-29 04:22:45','2005-05-01 11:47:48'),(93,'W','2021-01-09','South Alisaville','Zambia','1996-09-11 01:08:11','1986-09-07 05:26:17','2000-03-23 02:38:04'),(94,'M','1975-04-01','Collinsview','Indonesia','2009-06-07 13:59:54','2009-03-10 17:55:03','1982-03-31 13:16:30'),(95,'W','1992-04-07','Darrinland','Burkina Faso','1984-08-15 22:33:45','2004-09-04 17:47:54','1995-03-16 17:04:52'),(96,'M','1982-01-09','Janettown','Dominican Republic','1997-06-22 00:09:52','1999-07-10 18:58:35','1999-04-20 22:59:50'),(97,'M','1975-01-27','Fisherhaven','Niger','1999-09-05 03:05:30','2010-05-29 10:10:49','2008-09-17 15:04:17'),(98,'M','2000-05-10','Hicklemouth','Canada','1988-04-06 16:09:14','1970-07-24 14:51:50','2005-08-12 20:02:33'),(99,'M','1972-10-15','Rathton','American Samoa','2003-08-21 11:18:35','2009-12-25 03:18:12','1980-02-11 23:16:09'),(100,'M','2016-08-12','Kingmouth','Cote d\'Ivoire','1981-12-27 23:32:16','1979-12-13 23:10:11','1972-12-07 11:26:45');
/*!40000 ALTER TABLE `profiles` ENABLE KEYS */;
UNLOCK TABLES;

--
-- Table structure for table `users`
--

DROP TABLE IF EXISTS `users`;
/*!40101 SET @saved_cs_client     = @@character_set_client */;
/*!40101 SET character_set_client = utf8 */;
CREATE TABLE `users` (
  `id` int unsigned NOT NULL AUTO_INCREMENT COMMENT '╨Ш╨┤╨╡╨╜╤В╨╕╤Д╨╕╨║╨░╤В╨╛╤А ╤Б╤В╤А╨╛╨║╨╕',
  `first_name` varchar(100) CHARACTER SET utf8mb4 COLLATE utf8mb4_unicode_ci NOT NULL COMMENT '╨Ш╨╝╤П ╨┐╨╛╨╗╤М╨╖╨╛╨▓╨░╤В╨╡╨╗╤П',
  `last_name` varchar(100) CHARACTER SET utf8mb4 COLLATE utf8mb4_unicode_ci NOT NULL COMMENT '╨д╨░╨╝╨╕╨╗╨╕╤П ╨┐╨╛╨╗╤М╨╖╨╛╨▓╨░╤В╨╡╨╗╤П',
  `email` varchar(100) CHARACTER SET utf8mb4 COLLATE utf8mb4_unicode_ci NOT NULL COMMENT '╨Я╨╛╤З╤В╨░',
  `phone` varchar(100) CHARACTER SET utf8mb4 COLLATE utf8mb4_unicode_ci NOT NULL COMMENT '╨в╨╡╨╗╨╡╤Д╨╛╨╜',
  `created_at` datetime DEFAULT CURRENT_TIMESTAMP COMMENT '╨Т╤А╨╡╨╝╤П ╤Б╨╛╨╖╨┤╨░╨╜╨╕╤П ╤Б╤В╤А╨╛╨║╨╕',
  `updated_at` datetime DEFAULT CURRENT_TIMESTAMP ON UPDATE CURRENT_TIMESTAMP COMMENT '╨Т╤А╨╡╨╝╤П ╨╛╨▒╨╜╨╛╨▓╨╗╨╡╨╜╨╕╤П ╤Б╤В╤А╨╛╨║╨╕',
  PRIMARY KEY (`id`),
  UNIQUE KEY `email` (`email`),
  UNIQUE KEY `phone` (`phone`)
) ENGINE=InnoDB AUTO_INCREMENT=101 DEFAULT CHARSET=utf8mb4 COLLATE=utf8mb4_unicode_ci COMMENT='╨Я╨╛╨╗╤М╨╖╨╛╨▓╨░╤В╨╡╨╗╨╕';
/*!40101 SET character_set_client = @saved_cs_client */;

--
-- Dumping data for table `users`
--

LOCK TABLES `users` WRITE;
/*!40000 ALTER TABLE `users` DISABLE KEYS */;
INSERT INTO `users` VALUES (1,'Gabrielle','Kihn','tprosacco@example.net','483.600.1064x32587','2006-12-02 00:55:43','2018-04-23 00:53:53'),(2,'Vivien','Fay','curtis.barrows@example.net','(967)716-5354','1976-08-18 21:45:44','1972-04-26 13:03:09'),(3,'Bethany','Breitenberg','loraine.bernier@example.com','866-758-2177','1986-01-20 10:21:43','2005-06-07 12:39:38'),(4,'Nels','Turcotte','mae.jenkins@example.com','1-219-267-0805','1991-11-11 06:54:04','2016-11-09 14:38:11'),(5,'Mia','Reilly','xavier80@example.net','673.557.1034x99340','2010-08-17 04:00:14','1984-07-30 04:24:26'),(6,'Brendon','Pacocha','conroy.walter@example.org','032-344-2446x29996','2020-09-06 06:11:21','2003-01-16 05:52:17'),(7,'Cassandra','Sawayn','name.schulist@example.net','02046923365','2006-05-28 11:58:36','2020-02-25 09:57:41'),(8,'Dino','Schamberger','rosenbaum.kristoffer@example.org','001-649-2538','1983-11-28 02:08:21','2014-03-26 05:21:40'),(9,'Celestino','Wehner','iwilliamson@example.net','787-372-1302x8608','1972-03-19 20:38:06','2003-10-08 14:46:06'),(10,'Elyse','Hane','fjakubowski@example.org','+92(4)7145842491','1981-03-17 19:42:33','1983-03-08 11:44:00'),(11,'Kylee','Blick','klein.clara@example.org','512-095-8029x728','2004-07-24 12:22:43','2019-09-17 15:09:10'),(12,'Garrick','Williamson','gdare@example.net','354-095-6609x2562','1977-12-25 22:58:47','1996-07-18 22:20:01'),(13,'Jeffry','Hermann','barrows.ahmed@example.com','02113992661','2013-08-24 12:35:10','2014-10-17 23:55:37'),(14,'Don','Prosacco','alyce.hagenes@example.net','052.307.4403x238','1996-09-29 03:01:45','1983-10-12 01:16:55'),(15,'Jayne','Roob','batz.lula@example.org','234.435.2872','1988-04-15 21:21:31','1977-06-11 04:01:32'),(16,'Wendell','Wehner','andrew.kunde@example.org','+51(2)7370320639','1985-08-03 07:24:03','1975-04-07 05:18:21'),(17,'Webster','Hoppe','ezieme@example.com','+91(1)6530825771','2018-10-17 13:22:40','2000-08-04 13:51:40'),(18,'Julianne','Gerhold','xhackett@example.net','862.628.2407x4975','1998-09-05 06:45:30','1981-04-29 07:39:51'),(19,'Fermin','Kassulke','stephan.wisozk@example.com','(152)720-2176x551','1996-07-26 16:09:06','2021-03-24 00:51:23'),(20,'Dell','Parker','afriesen@example.org','(873)714-4245','2014-09-13 05:56:17','2007-09-13 19:51:55'),(21,'Jennifer','Wyman','spencer.marilyne@example.org','999-547-5294x086','2006-06-30 05:13:28','1990-05-22 04:05:40'),(22,'Jordan','Farrell','tyra71@example.net','1-863-816-5990x1547','1976-01-27 12:11:14','2009-08-14 08:37:52'),(23,'Alfonso','Prosacco','cortney62@example.org','645-907-0933x21098','1983-04-21 10:26:10','2007-07-01 17:55:34'),(24,'Aletha','Rodriguez','kaylah.baumbach@example.net','(749)619-9486x252','1981-02-13 03:51:25','1978-09-09 02:06:37'),(25,'Jake','Cummerata','jazmyn.welch@example.org','749.974.0466x65497','1978-01-26 15:20:43','1977-11-01 08:54:12'),(26,'Marcia','Marquardt','caleigh.orn@example.org','826.899.2350','1974-11-11 11:22:20','2021-02-25 02:15:18'),(27,'Mohamed','Luettgen','alejandra57@example.org','+12(3)3921362658','2000-01-24 12:16:16','2014-01-22 17:44:20'),(28,'Ellis','Beatty','skuhic@example.net','988-859-0389','1970-01-21 01:45:44','2013-02-06 08:50:00'),(29,'Vincenza','Heathcote','welch.creola@example.org','1-610-991-0280x47134','2020-03-29 18:06:33','1995-12-13 23:59:15'),(30,'Rebecca','Fay','juana.frami@example.org','009.092.6131x444','2008-08-24 10:38:00','2003-04-23 07:03:12'),(31,'Jake','Rempel','qernser@example.com','259.817.1446x632','1990-07-28 07:56:23','2008-04-28 17:22:12'),(32,'Earnestine','Roob','alfredo41@example.net','(752)714-9053','2017-09-29 12:31:27','2003-05-17 18:50:56'),(33,'Donald','Casper','gayle58@example.org','(211)739-5896','1994-08-05 14:59:57','1992-03-04 17:09:43'),(34,'Pink','Jacobs','dtrantow@example.com','311-877-0113x318','2002-03-11 00:12:13','2011-06-13 23:37:47'),(35,'Liza','Lemke','kuhn.adalberto@example.com','037.862.4689x75469','2006-03-23 17:00:45','1976-10-04 09:43:06'),(36,'Camila','Stracke','koch.armani@example.net','1-230-211-2419x76622','2003-10-25 13:28:05','1989-11-15 14:45:05'),(37,'Mina','Collins','abbie55@example.com','(328)768-6154x1947','2019-08-28 17:54:18','1988-04-29 03:02:04'),(38,'Emiliano','Littel','jakayla57@example.net','255-618-0864x1813','2004-05-25 05:34:22','1999-05-11 03:04:05'),(39,'Leda','Durgan','olesch@example.net','(608)830-2869x2407','1989-09-15 18:44:30','2016-08-31 12:13:58'),(40,'Sedrick','Thompson','prosacco.shaun@example.net','+04(1)6907777639','2001-05-29 07:10:21','1973-09-07 14:34:34'),(41,'Pauline','Hintz','ratke.baby@example.com','926.292.3532x01022','1984-03-22 15:52:09','1986-01-24 23:12:06'),(42,'Destany','Price','qthiel@example.org','884.335.0321','2005-05-17 22:47:36','2017-08-06 10:13:45'),(43,'Rozella','Hodkiewicz','nbailey@example.com','1-437-921-7477x928','2010-12-14 12:49:34','1977-06-17 07:06:55'),(44,'Letitia','Hartmann','wiley.goyette@example.com','775.955.7326x0858','1991-08-24 06:43:20','2012-06-27 23:48:28'),(45,'Duane','Larkin','jerel.luettgen@example.org','787.048.7462x5174','2012-09-12 04:08:11','2007-03-01 16:43:57'),(46,'Una','Schneider','imitchell@example.net','(022)977-1275','2019-04-24 08:27:33','1980-04-28 11:58:07'),(47,'Malcolm','Koch','ephraim19@example.com','1-055-039-8404x783','2017-09-02 06:03:51','2015-03-16 12:43:38'),(48,'Robert','Thiel','frieda91@example.org','1-476-274-0369x8706','1979-11-30 16:47:35','1970-04-25 08:00:18'),(49,'Gwen','O\'Conner','sdietrich@example.org','1-992-923-6564x869','1985-06-25 22:55:08','1982-07-29 19:41:11'),(50,'Lexus','Treutel','kip.volkman@example.org','492.050.4632','1980-12-04 22:14:55','2018-10-15 22:37:40'),(51,'Freddy','Green','vhowe@example.com','980-635-0122','1987-08-19 08:48:28','1991-06-25 18:33:59'),(52,'Chaya','Conn','nitzsche.orrin@example.org','148-978-6901','1990-01-06 13:40:18','2004-05-08 03:26:13'),(53,'Samanta','Renner','angelina35@example.org','775-775-0121x3056','1973-05-09 22:44:23','2007-04-27 13:29:53'),(54,'Brandi','Weimann','alf83@example.com','691.007.1522x90255','1998-08-13 12:28:27','2018-11-20 16:35:03'),(55,'Keenan','Schinner','kuhlman.kiana@example.org','1-456-859-3880','2000-01-22 01:00:20','1974-05-18 09:18:08'),(56,'Lillie','Green','rippin.alford@example.com','1-725-604-0562x783','2018-09-24 18:14:39','2001-12-01 23:55:41'),(57,'Vesta','Altenwerth','kamille72@example.org','1-433-603-4685x058','1977-05-19 13:09:09','1992-04-17 10:41:01'),(58,'Carson','Gaylord','maybelle32@example.net','00099148789','1991-05-19 17:37:24','1985-11-02 11:53:56'),(59,'Doyle','Gleichner','rlarson@example.net','846-946-5646x3477','1993-09-26 20:41:39','2006-01-17 15:47:11'),(60,'Teagan','Rempel','lance96@example.com','+04(9)0007719528','1979-06-24 08:08:17','1975-03-15 20:23:00'),(61,'Anna','Ernser','queenie44@example.net','01738720745','2014-04-02 08:25:24','1978-09-20 10:00:15'),(62,'Brooks','Mayert','brionna98@example.net','937-022-7046x6564','1986-10-21 04:54:22','1971-01-05 15:22:44'),(63,'Roger','Ward','sfriesen@example.org','668-606-6283','2001-11-25 15:24:18','1988-08-29 17:24:33'),(64,'Kiana','Corwin','crona.sedrick@example.com','+16(1)4495060850','2003-06-09 17:41:59','2001-01-30 07:15:07'),(65,'Manuela','Spinka','leanna.pagac@example.net','1-342-925-8868x14270','2018-09-19 06:58:16','2010-08-09 05:21:17'),(66,'Aglae','Luettgen','gbeer@example.net','+04(8)3007576282','2011-02-09 04:08:08','1970-01-07 11:40:32'),(67,'Ismael','Streich','bsatterfield@example.com','807.663.3935','1978-02-11 12:11:58','2015-02-01 02:13:17'),(68,'Heaven','O\'Reilly','axel.o\'reilly@example.net','405.448.7211','1985-01-06 14:21:19','1986-11-15 14:37:20'),(69,'Garfield','Ondricka','fmonahan@example.net','159.583.0407','2009-12-13 05:27:42','1985-07-01 10:09:42'),(70,'Patrick','Greenfelder','oscar.schroeder@example.net','(643)876-6390','2001-10-19 05:02:24','1975-03-24 08:37:10'),(71,'Jerrold','O\'Keefe','rolson@example.com','1-485-865-4320','1973-01-05 21:28:23','1989-12-23 08:54:58'),(72,'Hanna','Howell','kay71@example.org','(652)110-7885','2008-09-10 05:16:00','1996-04-24 20:31:15'),(73,'Hollie','Kuhn','otha92@example.net','208.931.2026x356','2017-06-10 19:45:44','2002-10-08 05:13:07'),(74,'Meredith','Feest','hand.pearline@example.org','1-496-962-8128x194','1981-04-10 04:21:47','2005-03-27 19:21:16'),(75,'Jamie','Quitzon','arch.hirthe@example.net','204-596-2780x929','1989-09-13 18:40:36','2019-12-04 00:00:24'),(76,'June','Hegmann','wrenner@example.net','00687988470','2004-01-03 21:31:09','1997-01-27 05:04:05'),(77,'Mitchell','Rippin','daniel.amira@example.net','1-500-614-5318x794','1999-10-31 08:57:15','2016-12-31 09:04:52'),(78,'Ewell','Morissette','ratke.loren@example.com','493-496-2041x6536','1999-10-17 07:40:58','2007-11-01 12:48:03'),(79,'Elyse','Borer','dickinson.raphaelle@example.com','(188)069-1801x322','1984-10-01 23:48:53','2014-11-11 20:31:53'),(80,'Hugh','Hammes','thaag@example.net','844.640.7688','1982-06-10 11:12:19','1975-07-27 01:39:20'),(81,'Allie','Gleason','hermina52@example.org','1-872-901-5552x9316','1991-07-06 23:44:21','1977-10-04 04:40:29'),(82,'Kenna','Sporer','deven39@example.com','05869777795','1994-02-04 23:50:39','1985-08-31 15:31:54'),(83,'Valentina','Roob','hlesch@example.org','05052458238','2005-09-01 18:23:28','2016-08-06 05:57:25'),(84,'Shania','McLaughlin','ephraim22@example.org','1-002-462-0408x082','2012-07-18 00:50:55','1980-11-27 10:27:05'),(85,'Justice','Hirthe','nicholaus89@example.org','597-006-3573x367','1976-04-06 22:03:41','1977-05-20 16:49:35'),(86,'Nella','Kunde','jevon93@example.com','316.802.9343','2012-02-07 23:35:40','1996-03-15 09:51:02'),(87,'Reva','Okuneva','hfisher@example.com','284.007.2580','2013-04-20 00:06:29','1970-08-25 00:26:24'),(88,'Alanna','Kuhlman','clemens71@example.com','04166719637','1970-12-14 09:55:21','2009-08-23 18:21:21'),(89,'Toby','Schmitt','ypfeffer@example.net','+80(9)6187359636','2003-03-17 21:41:31','1999-11-17 10:51:58'),(90,'Darrel','Wiza','joshua.little@example.net','(540)826-0214','2011-07-15 18:52:56','1982-01-08 11:54:10'),(91,'Filomena','Shields','schimmel.mike@example.org','1-784-381-1841x40390','1977-05-11 03:29:19','2007-04-03 07:12:39'),(92,'Santino','Wunsch','frieda.moore@example.net','(650)155-5107','2001-06-15 16:36:03','1995-04-25 18:34:49'),(93,'Kaleigh','Walter','arne.goldner@example.net','(579)484-7357x40117','2015-10-30 15:22:42','1973-04-07 00:47:06'),(94,'Brady','O\'Connell','okozey@example.net','631-232-5065x536','1988-03-12 08:02:45','2013-06-15 11:11:46'),(95,'Ian','Waters','bkeebler@example.net','(264)150-4867','2021-03-15 07:13:34','1975-02-20 13:47:21'),(96,'Patrick','Hodkiewicz','opal31@example.net','(082)953-6904x67596','1994-02-22 22:54:11','2003-02-25 02:09:28'),(97,'Alvina','Harvey','denis32@example.net','1-959-835-3397','2010-10-29 09:21:19','2015-04-07 07:12:33'),(98,'Wilburn','Torphy','elliott.nader@example.net','045-746-6531x33602','1975-12-19 03:09:18','1972-02-03 07:33:36'),(99,'Eula','Upton','rosina73@example.com','09859326183','1989-03-06 09:33:57','1984-05-05 22:36:06'),(100,'Walton','Bruen','justina.greenfelder@example.net','1-115-261-9244x181','2002-12-26 23:58:52','1995-04-06 10:56:16');
/*!40000 ALTER TABLE `users` ENABLE KEYS */;
UNLOCK TABLES;

--
-- Dumping routines for database 'vk'
--
/*!40103 SET TIME_ZONE=@OLD_TIME_ZONE */;

/*!40101 SET SQL_MODE=@OLD_SQL_MODE */;
/*!40014 SET FOREIGN_KEY_CHECKS=@OLD_FOREIGN_KEY_CHECKS */;
/*!40014 SET UNIQUE_CHECKS=@OLD_UNIQUE_CHECKS */;
/*!40101 SET CHARACTER_SET_CLIENT=@OLD_CHARACTER_SET_CLIENT */;
/*!40101 SET CHARACTER_SET_RESULTS=@OLD_CHARACTER_SET_RESULTS */;
/*!40101 SET COLLATION_CONNECTION=@OLD_COLLATION_CONNECTION */;
/*!40111 SET SQL_NOTES=@OLD_SQL_NOTES */;

-- Dump completed on 2021-03-29  0:30:58
